bank;indice_bcb;total_clientes;ano;trimestre;periodo;ordem_cronologica
99PAY IP (conglomerado);33.18;22883342;2025;1;Q1/25;20251
ABC-BRASIL (conglomerado);0.0;48494;2025;1;Q1/25;20251
ACG IP (conglomerado);0.0;83302;2025;1;Q1/25;20251
ADYEN DO BRASIL IP (conglomerado);0.0;132;2025;1;Q1/25;20251
AFINZ IP (conglomerado);0.0;418738;2025;1;Q1/25;20251
AGIBANK (conglomerado);625.36;3872888;2025;1;Q1/25;20251
AGORACRED S/A SCFI (conglomerado);0.0;682062;2025;1;Q1/25;20251
AL5 S.A. CFI (conglomerado);0.0;20231;2025;1;Q1/25;20251
ALELO IP (conglomerado);0.0;5303231;2025;1;Q1/25;20251
AME DIGITAL BRASIL IP (conglomerado);2767.99;43305;2025;1;Q1/25;20251
ANDBANK (conglomerado);0.0;4604;2025;1;Q1/25;20251
ASAAS GESTAO FINANCEIRA IP (conglomerado);50.45;1025968;2025;1;Q1/25;20251
BANCO B3 (conglomerado);0.0;1176;2025;1;Q1/25;20251
BANCO BARI DE INVESTIMENTO E FINANCI. (conglomerado);488.59;93336;2025;1;Q1/25;20251
BANCO C6 (conglomerado);58.44;31796476;2025;1;Q1/25;20251
BANCO CNH INDUSTRIAL CAPITAL S.A.;0.0;34173;2025;1;Q1/25;20251
BANCO DIGIMAIS (conglomerado);526.21;142406;2025;1;Q1/25;20251
BANCO GUANABARA S.A.;0.0;1818;2025;1;Q1/25;20251
BANCO HSBC S.A.;0.0;5945;2025;1;Q1/25;20251
BANCO KDB DO BRASIL S.A.;0.0;177;2025;1;Q1/25;20251
BANCO MASTER (conglomerado);226.4;10309487;2025;1;Q1/25;20251
BANCO PAULISTA (conglomerado);0.0;10977;2025;1;Q1/25;20251
BANCO SEMEAR (conglomerado);0.0;161868;2025;1;Q1/25;20251
BANCO TOPÁZIO S.A. (conglomerado);0.0;10933;2025;1;Q1/25;20251
BANCOOB (conglomerado);18.66;3343426;2025;1;Q1/25;20251
BANESTES (conglomerado);0.0;1480962;2025;1;Q1/25;20251
BANK OF CHINA (BRASIL) (conglomerado);0.0;122659;2025;1;Q1/25;20251
BANQI IP (conglomerado);8.38;4463427;2025;1;Q1/25;20251
BANRISUL (conglomerado);20.59;5580642;2025;1;Q1/25;20251
BB (conglomerado);20.55;78676764;2025;1;Q1/25;20251
BBC S.A. (conglomerado);0.0;17489;2025;1;Q1/25;20251
BCO ABN AMRO CLEARING (conglomerado);0.0;1;2025;1;Q1/25;20251
BCO ARBI S.A. (conglomerado);86.25;606989;2025;1;Q1/25;20251
BCO COOPERATIVO SICREDI (conglomerado);0.0;9865664;2025;1;Q1/25;20251
BCO CSF S.A. (conglomerado);19.63;9470181;2025;1;Q1/25;20251
BCO DA AMAZONIA S.A. (conglomerado);0.0;666223;2025;1;Q1/25;20251
BCO DAYCOVAL S.A (conglomerado);35.9;2320949;2025;1;Q1/25;20251
BCO DE LAGE LANDEN BRASIL S.A. (conglomerado);0.0;40096;2025;1;Q1/25;20251
BCO DO EST. DE SE S.A. (conglomerado);46.06;1031058;2025;1;Q1/25;20251
BCO DO EST. DO PA S.A. (conglomerado);98.88;947317;2025;1;Q1/25;20251
BCO DO NORDESTE DO BRASIL S.A. (conglomerado);0.0;10402119;2025;1;Q1/25;20251
BCO FIBRA S.A. (conglomerado);0.0;165624;2025;1;Q1/25;20251
BCO INBURSA S.A. (conglomerado);899.34;511749;2025;1;Q1/25;20251
BCO TOYOTA DO BRASIL S.A. (conglomerado);0.0;164014;2025;1;Q1/25;20251
BCO TRIANGULO S.A. (conglomerado);0.0;1714575;2025;1;Q1/25;20251
BK IP (conglomerado);0.0;2;2025;1;Q1/25;20251
BMG (conglomerado);60.14;10440575;2025;1;Q1/25;20251
BMW (conglomerado);0.0;58363;2025;1;Q1/25;20251
BNP PARIBAS (conglomerado);61.66;760370;2025;1;Q1/25;20251
BRADESCO (conglomerado);69.63;109814454;2025;1;Q1/25;20251
BRB (conglomerado);161.68;8017731;2025;1;Q1/25;20251
BS2 (conglomerado);95.22;469725;2025;1;Q1/25;20251
BTG PACTUAL/BANCO PAN (conglomerado);38.32;26117644;2025;1;Q1/25;20251
BULLLA IP (conglomerado);0.0;463557;2025;1;Q1/25;20251
CAIXA ECONÔMICA FEDERAL (conglomerado);22.91;154717097;2025;1;Q1/25;20251
CAIXA GERAL (conglomerado);0.0;1016;2025;1;Q1/25;20251
CALCARD IP (conglomerado);0.0;1024966;2025;1;Q1/25;20251
CARUANA S.A. - SOCIEDADE DE CRÉDITO, FINANCIAMENTO E INVESTIMENTO;0.0;56661;2025;1;Q1/25;20251
CELCOIN IP (conglomerado);17.38;7625098;2025;1;Q1/25;20251
CENTROCRED S.A. CRÉDITO, FINANCIAMENTO E INVESTIMENTOS;0.0;129980;2025;1;Q1/25;20251
CIELO IP (conglomerado);0.0;1870148;2025;1;Q1/25;20251
CITIBANK (conglomerado);0.0;17841;2025;1;Q1/25;20251
CLOUDWALK IP (conglomerado);6.32;10220550;2025;1;Q1/25;20251
COBUCCIO SCFI (conglomerado);302.68;2448124;2025;1;Q1/25;20251
COMPREV - CRÉDITO, FINANCIAMENTO E INVESTIMENTO S.A.;0.0;301;2025;1;Q1/25;20251
COOPER CARD IP (conglomerado);0.0;53061;2025;1;Q1/25;20251
CORA SCFI (conglomerado);0.0;2261468;2025;1;Q1/25;20251
CREDI SHOP S.A. (conglomerado);0.0;672844;2025;1;Q1/25;20251
CREDIARE CFI (conglomerado);0.0;65;2025;1;Q1/25;20251
CREDSYSTEM IP (conglomerado);10.65;3416786;2025;1;Q1/25;20251
CREFISA S.A. CFI (conglomerado);88.28;5945107;2025;1;Q1/25;20251
DLOCAL BRASIL INSTITUIÇÃO DE PAGAMENTO - PRUDENCIA (conglomerado);0.0;98814;2025;1;Q1/25;20251
DM FINANCEIRA CFI (conglomerado);78.32;2280025;2025;1;Q1/25;20251
DOCK IP (conglomerado);19.24;3572209;2025;1;Q1/25;20251
EAGLE SCD (conglomerado);0.0;0;2025;1;Q1/25;20251
EBANX IP (conglomerado);29.82;3039734;2025;1;Q1/25;20251
EDENRED SOLUCOES E IP AHA (conglomerado);0.0;713344;2025;1;Q1/25;20251
EFI S.A. IP (conglomerado);97.19;565363;2025;1;Q1/25;20251
EMPRESA BRASILEIRA DE BENEFICIOS E PAGAMENTOS INSTITUICAO DE PAGAMENTO LTDA;0.0;284802;2025;1;Q1/25;20251
EWALLY INSTITUIÇÃO DE PAGAMENTO S.A.;0.0;83532;2025;1;Q1/25;20251
FACTA S.A. CFI (conglomerado);519.91;2883958;2025;1;Q1/25;20251
FINAMAX S.A. - CREDITO, FINANCIAMENTO E INVESTIMENTO;0.0;34547;2025;1;Q1/25;20251
FISERV DO BRASIL IP (conglomerado);0.0;132;2025;1;Q1/25;20251
FITBANK IP (conglomerado);318.31;93638;2025;1;Q1/25;20251
FLAGSHIP IP (conglomerado);0.0;85746;2025;1;Q1/25;20251
FLASH TECNOLOGIA IP (conglomerado);0.0;382558;2025;1;Q1/25;20251
FORIS GFS BR IP (conglomerado);0.0;330423;2025;1;Q1/25;20251
GAZINCRED SCFI (conglomerado);0.0;59807;2025;1;Q1/25;20251
GENIAL (conglomerado);22.48;1832400;2025;1;Q1/25;20251
GM (conglomerado);0.0;261393;2025;1;Q1/25;20251
GOLCRED (conglomerado);0.0;16734;2025;1;Q1/25;20251
HONDA (conglomerado);0.0;493053;2025;1;Q1/25;20251
HS FINANCEIRA (conglomerado);0.0;229460;2025;1;Q1/25;20251
INDUSTRIAL DO BRASIL (conglomerado);0.0;85245;2025;1;Q1/25;20251
INTER (conglomerado);62.14;36563772;2025;1;Q1/25;20251
ITAU (conglomerado);34.11;99186353;2025;1;Q1/25;20251
IUGU IP (conglomerado);606.79;266202;2025;1;Q1/25;20251
JBCRED S.A. SCFI (conglomerado);0.0;55829;2025;1;Q1/25;20251
JP MORGAN CHASE (conglomerado);0.0;4325;2025;1;Q1/25;20251
KANASTRA FINANCEIRA CFI (conglomerado);0.0;21950;2025;1;Q1/25;20251
KREDILIG S.A. - CFI (conglomerado);0.0;426192;2025;1;Q1/25;20251
LEBES FINANCEIRA S.A. - CRÉDITO, FINANCIAMENTO E INVESTIMENTO;0.0;9;2025;1;Q1/25;20251
MAGALUPAY IP (conglomerado);0.0;3502205;2025;1;Q1/25;20251
MERCADO BITCOIN IP (conglomerado);0.0;22074;2025;1;Q1/25;20251
MERCADO PAGO IP (conglomerado);36.88;62606628;2025;1;Q1/25;20251
MERCANTIL DO BRASIL (conglomerado);226.96;8022088;2025;1;Q1/25;20251
MERCEDES-BENZ (conglomerado);0.0;17523;2025;1;Q1/25;20251
MIDWAY S.A. - SCFI (conglomerado);7.32;8904034;2025;1;Q1/25;20251
NEGRESCO S.A. - CREDITO, FINANCIAMENTO E INVESTIMENTOS;0.0;545457;2025;1;Q1/25;20251
NEON PAGAMENTOS IP (conglomerado);27.05;25977113;2025;1;Q1/25;20251
NOVO BCO CONTINENTAL S.A. - BM (conglomerado);0.0;22649;2025;1;Q1/25;20251
NU PAGAMENTOS (conglomerado);10.6;103734267;2025;1;Q1/25;20251
NVIO BRASIL BITSO IP (conglomerado);0.0;1303795;2025;1;Q1/25;20251
OKTO IP (conglomerado);0.0;8245;2025;1;Q1/25;20251
OMNI (conglomerado);0.0;156605;2025;1;Q1/25;20251
ONEKEY PAYMENTS IP (conglomerado);0.0;126;2025;1;Q1/25;20251
ORIGINAL (conglomerado);56.66;1843521;2025;1;Q1/25;20251
OURIBANK (conglomerado);0.0;1410136;2025;1;Q1/25;20251
PAGARE IP (conglomerado);0.0;63;2025;1;Q1/25;20251
PAGSEGURO (conglomerado);58.84;32033840;2025;1;Q1/25;20251
PAGUEVELOZ IP (conglomerado);11.51;3411977;2025;1;Q1/25;20251
PARANÁ BANCO (conglomerado);157.68;1432625;2025;1;Q1/25;20251
PAY BROKERS IP INSTITUICAO DE PAGAMENTO LTDA.;0.0;88;2025;1;Q1/25;20251
PAY4FUN IP S.A. (conglomerado);670.07;110137;2025;1;Q1/25;20251
PAYPAL DO BRASIL IP (conglomerado);0.0;225488;2025;1;Q1/25;20251
PEFISA S.A. (conglomerado);25.39;12011106;2025;1;Q1/25;20251
PICPAY (conglomerado);36.42;62176160;2025;1;Q1/25;20251
PINBANK BRASIL IP (conglomerado);0.0;29219;2025;1;Q1/25;20251
PINE (conglomerado);460.9;1437650;2025;1;Q1/25;20251
PLUXEE IP (conglomerado);0.0;1838467;2025;1;Q1/25;20251
PORTO SEGURO (conglomerado);107.89;3273902;2025;1;Q1/25;20251
QISTA S.A. CFI (conglomerado);0.0;105006;2025;1;Q1/25;20251
QUERO-QUERO VERDECARD IP (conglomerado);0.0;587645;2025;1;Q1/25;20251
REALIZE CFI (conglomerado);10.86;6445646;2025;1;Q1/25;20251
RECARGAPAY IP (conglomerado);27.24;10515912;2025;1;Q1/25;20251
RENDIMENTO (conglomerado);0.0;322146;2025;1;Q1/25;20251
RODOBENS (conglomerado);0.0;29215;2025;1;Q1/25;20251
RPW S/A SOCIEDADE DE CRÉDITO, FINANCIAMENTO E INVESTIMENTO;0.0;22281;2025;1;Q1/25;20251
SAFRA (conglomerado);106.4;4624319;2025;1;Q1/25;20251
SANTANDER (conglomerado);37.5;68151360;2025;1;Q1/25;20251
SENFFNET IP (conglomerado);56.89;731060;2025;1;Q1/25;20251
SF3 CFI (conglomerado);0.0;3123;2025;1;Q1/25;20251
SHPP BRASIL IP (conglomerado);19.15;4699361;2025;1;Q1/25;20251
SIMPALA CFI (conglomerado);0.0;36;2025;1;Q1/25;20251
SOCIETE GENERALE (conglomerado);0.0;642;2025;1;Q1/25;20251
SOCINAL S.A. CFI (conglomerado);0.0;3165;2025;1;Q1/25;20251
SOFISA (conglomerado);180.25;1373915;2025;1;Q1/25;20251
STARK SCD (conglomerado);0.0;0;2025;1;Q1/25;20251
STELLANTIS (conglomerado);0.0;169053;2025;1;Q1/25;20251
STONE IP (conglomerado);11.7;11778451;2025;1;Q1/25;20251
STRIPE BRASIL SOLUCOES DE PAGAMENTO INSTITUICAO DE PAGAMENTO LTDA;0.0;82;2025;1;Q1/25;20251
SUMUP IP (conglomerado);0.0;741;2025;1;Q1/25;20251
SUPERBID PAY IP (conglomerado);0.0;464447;2025;1;Q1/25;20251
SWAP IP (conglomerado);0.0;2078809;2025;1;Q1/25;20251
TODESCREDI S/A - CRÉDITO, FINANCIAMENTO E INVESTIMENTO;0.0;42783;2025;1;Q1/25;20251
TRANSFEERA IP (conglomerado);0.0;1913;2025;1;Q1/25;20251
TRANSFERO IP (conglomerado);0.0;11;2025;1;Q1/25;20251
VALOR CFI (conglomerado);0.0;36409;2025;1;Q1/25;20251
VIA CERTA FINANCIADORA S.A. - CRÉDITO, FINANCIAMENTO E INVESTIMENTOS;0.0;248126;2025;1;Q1/25;20251
VOLKSWAGEN (conglomerado);132.13;510839;2025;1;Q1/25;20251
VOTORANTIM (conglomerado);30.73;11387063;2025;1;Q1/25;20251
WESTERN UNION (conglomerado);0.0;4;2025;1;Q1/25;20251
WISE BRASIL CC (conglomerado);0.0;0;2025;1;Q1/25;20251
XP (conglomerado);35.26;6153199;2025;1;Q1/25;20251
YAMAHA MOTOR (conglomerado);0.0;243177;2025;1;Q1/25;20251
ZEMA CFI (conglomerado);0.0;41502;2025;1;Q1/25;20251
ZOOP TECNOLOGIA IP (conglomerado);0.0;527463;2025;1;Q1/25;20251
99PAY IP (conglomerado);22.74;23763397;2025;2;Q2/25;20252
ABC-BRASIL (conglomerado);0.0;47481;2025;2;Q2/25;20252
ACG IP (conglomerado);0.0;89043;2025;2;Q2/25;20252
ADYEN DO BRASIL IP (conglomerado);0.0;132;2025;2;Q2/25;20252
AFINZ IP (conglomerado);73.54;659778;2025;2;Q2/25;20252
AGIBANK (conglomerado);1030.58;4601527;2025;2;Q2/25;20252
AGORACRED S/A SCFI (conglomerado);0.0;688941;2025;2;Q2/25;20252
ALELO IP (conglomerado);0.0;5540664;2025;2;Q2/25;20252
AME DIGITAL BRASIL IP (conglomerado);12283.31;12785;2025;2;Q2/25;20252
ANDBANK (conglomerado);0.0;101544;2025;2;Q2/25;20252
ASAAS GESTAO FINANCEIRA IP (conglomerado);72.02;1083544;2025;2;Q2/25;20252
BANCO BARI DE INVESTIMENTO E FINANCI. (conglomerado);0.0;92037;2025;2;Q2/25;20252
BANCO BOCOM BBM S.A.;0.0;9524;2025;2;Q2/25;20252
BANCO C6 (conglomerado);48.67;32084644;2025;2;Q2/25;20252
BANCO CNH INDUSTRIAL CAPITAL S.A.;0.0;33143;2025;2;Q2/25;20252
BANCO DIGIMAIS (conglomerado);887.62;132470;2025;2;Q2/25;20252
BANCO GUANABARA S.A.;0.0;1845;2025;2;Q2/25;20252
BANCO HSBC S.A.;0.0;6039;2025;2;Q2/25;20252
BANCO KDB DO BRASIL S.A.;0.0;179;2025;2;Q2/25;20252
BANCO MASTER (conglomerado);220.74;11012864;2025;2;Q2/25;20252
BANCO PAULISTA (conglomerado);0.0;98057;2025;2;Q2/25;20252
BANCO RABOBANK INTERNATIONAL BRASIL S.A.;0.0;3880;2025;2;Q2/25;20252
BANCO RIBEIRÃO PRETO (conglomerado);47187.78;5009;2025;2;Q2/25;20252
BANCO SEMEAR (conglomerado);0.0;157804;2025;2;Q2/25;20252
BANCO SICOOB (conglomerado);0.0;7041659;2025;2;Q2/25;20252
BANCO TOPÁZIO S.A. (conglomerado);0.0;11996;2025;2;Q2/25;20252
BANCO VOLVO BRASIL S.A.;0.0;9377;2025;2;Q2/25;20252
BANCO VR S.A.;0.0;25696;2025;2;Q2/25;20252
BANESTES (conglomerado);37.69;1495741;2025;2;Q2/25;20252
BANK OF AMERICA MERRILL LYNCH BANCO MÚLTIPLO S.A.;0.0;4301;2025;2;Q2/25;20252
BANK OF CHINA (BRASIL) (conglomerado);0.0;120302;2025;2;Q2/25;20252
BANQI IP (conglomerado);0.0;4698157;2025;2;Q2/25;20252
BANRISUL (conglomerado);30.85;5670528;2025;2;Q2/25;20252
BB (conglomerado);22.2;79972615;2025;2;Q2/25;20252
BBC S.A. (conglomerado);0.0;19515;2025;2;Q2/25;20252
BCO ABN AMRO CLEARING (conglomerado);0.0;1;2025;2;Q2/25;20252
BCO ARBI S.A. (conglomerado);0.0;659145;2025;2;Q2/25;20252
BCO COOPERATIVO SICREDI (conglomerado);0.0;10141528;2025;2;Q2/25;20252
BCO CSF S.A. (conglomerado);25.73;9679985;2025;2;Q2/25;20252
BCO DA AMAZONIA S.A. (conglomerado);0.0;693007;2025;2;Q2/25;20252
BCO DAYCOVAL S.A (conglomerado);38.54;2400692;2025;2;Q2/25;20252
BCO DO EST. DE SE S.A. (conglomerado);0.0;867470;2025;2;Q2/25;20252
BCO DO EST. DO PA S.A. (conglomerado);107.29;1096337;2025;2;Q2/25;20252
BCO DO NORDESTE DO BRASIL S.A. (conglomerado);0.0;10598492;2025;2;Q2/25;20252
BCO FIBRA S.A. (conglomerado);0.0;164719;2025;2;Q2/25;20252
BCO INBURSA S.A. (conglomerado);500.03;756176;2025;2;Q2/25;20252
BCO TOYOTA DO BRASIL S.A. (conglomerado);0.0;161506;2025;2;Q2/25;20252
BCO TRIANGULO S.A. (conglomerado);0.0;1753368;2025;2;Q2/25;20252
BECKER FINANCEIRA S.A. - CRÉDITO, FINANCIAMENTO E INVESTIMENTO;0.0;213443;2025;2;Q2/25;20252
BK IP (conglomerado);0.0;729080;2025;2;Q2/25;20252
BMG (conglomerado);79.44;10285659;2025;2;Q2/25;20252
BNP PARIBAS (conglomerado);0.0;467757;2025;2;Q2/25;20252
BRADESCO (conglomerado);60.58;110113531;2025;2;Q2/25;20252
BRB (conglomerado);171.97;7957095;2025;2;Q2/25;20252
BS2 (conglomerado);96.38;482290;2025;2;Q2/25;20252
BTG PACTUAL/BANCO PAN (conglomerado);36.89;26210956;2025;2;Q2/25;20252
BULLLA IP (conglomerado);0.0;558843;2025;2;Q2/25;20252
CAIXA ECONÔMICA FEDERAL (conglomerado);24.82;156878744;2025;2;Q2/25;20252
CAIXA GERAL (conglomerado);0.0;1024;2025;2;Q2/25;20252
CALCARD IP (conglomerado);0.0;862334;2025;2;Q2/25;20252
CARUANA S.A. - SOCIEDADE DE CRÉDITO, FINANCIAMENTO E INVESTIMENTO;0.0;59887;2025;2;Q2/25;20252
CELCOIN IP (conglomerado);65.62;6805234;2025;2;Q2/25;20252
CIELO IP (conglomerado);0.0;1280737;2025;2;Q2/25;20252
CITIBANK (conglomerado);0.0;17468;2025;2;Q2/25;20252
CLARA INSTITUICAO DE PAGAMENTO LTDA.;0.0;16460;2025;2;Q2/25;20252
CLARO PAY IP (conglomerado);0.0;1184992;2025;2;Q2/25;20252
CLOUDWALK IP (conglomerado);8.32;11682195;2025;2;Q2/25;20252
COBUCCIO SCFI (conglomerado);338.73;2651160;2025;2;Q2/25;20252
COMPREV - CRÉDITO, FINANCIAMENTO E INVESTIMENTO S.A.;0.0;387;2025;2;Q2/25;20252
COOPER CARD IP (conglomerado);0.0;305826;2025;2;Q2/25;20252
CORA SCFI (conglomerado);20.77;2353394;2025;2;Q2/25;20252
CREDI SHOP S.A. (conglomerado);0.0;670343;2025;2;Q2/25;20252
CREDIARE CFI (conglomerado);0.0;271838;2025;2;Q2/25;20252
CREDSYSTEM IP (conglomerado);24.66;3641884;2025;2;Q2/25;20252
CREFISA S.A. CFI (conglomerado);122.53;6966985;2025;2;Q2/25;20252
DLOCAL BRASIL INSTITUIÇÃO DE PAGAMENTO - PRUDENCIA (conglomerado);0.0;84530;2025;2;Q2/25;20252
DM FINANCEIRA CFI (conglomerado);98.99;2244128;2025;2;Q2/25;20252
DOCK IP (conglomerado);19.19;3707349;2025;2;Q2/25;20252
EAGLE SCD (conglomerado);0.0;0;2025;2;Q2/25;20252
EBANX IP (conglomerado);21.59;2953264;2025;2;Q2/25;20252
EDENRED SOLUCOES E IP AHA (conglomerado);0.0;810899;2025;2;Q2/25;20252
EFI S.A. IP (conglomerado);102.81;613310;2025;2;Q2/25;20252
EMPRESA BRASILEIRA DE BENEFICIOS E PAGAMENTOS INSTITUICAO DE PAGAMENTO LTDA;0.0;462862;2025;2;Q2/25;20252
EWALLY INSTITUIÇÃO DE PAGAMENTO S.A.;0.0;83380;2025;2;Q2/25;20252
FACILITA INSTITUICAO DE PAGAMENTO S/A;0.0;0;2025;2;Q2/25;20252
FACTA S.A. CFI (conglomerado);1032.26;1469530;2025;2;Q2/25;20252
FINAMAX S.A. - CREDITO, FINANCIAMENTO E INVESTIMENTO;0.0;33443;2025;2;Q2/25;20252
FISERV DO BRASIL IP (conglomerado);0.0;5215;2025;2;Q2/25;20252
FITBANK IP (conglomerado);0.0;109546;2025;2;Q2/25;20252
FLAGSHIP IP (conglomerado);0.0;92146;2025;2;Q2/25;20252
FORIS GFS BR IP (conglomerado);0.0;332686;2025;2;Q2/25;20252
GAZINCRED SCFI (conglomerado);0.0;134785;2025;2;Q2/25;20252
GENIAL (conglomerado);0.0;2016271;2025;2;Q2/25;20252
GM (conglomerado);0.0;267525;2025;2;Q2/25;20252
GRAZZIOTIN FINANCEIRA S.A. - CRÉDITO, FINANCIAMENTO E INVESTIMENTOS;0.0;132468;2025;2;Q2/25;20252
HONDA (conglomerado);0.0;526181;2025;2;Q2/25;20252
HS FINANCEIRA (conglomerado);0.0;230669;2025;2;Q2/25;20252
INDUSTRIAL DO BRASIL (conglomerado);0.0;4243;2025;2;Q2/25;20252
INTER (conglomerado);84.87;38166254;2025;2;Q2/25;20252
ITAU (conglomerado);39.35;99941644;2025;2;Q2/25;20252
IUGU IP (conglomerado);225.04;266319;2025;2;Q2/25;20252
JBCRED S.A. SCFI (conglomerado);0.0;57511;2025;2;Q2/25;20252
JP MORGAN CHASE (conglomerado);0.0;0;2025;2;Q2/25;20252
KANASTRA FINANCEIRA CFI (conglomerado);0.0;682;2025;2;Q2/25;20252
KREDILIG S.A. - CFI (conglomerado);0.0;432168;2025;2;Q2/25;20252
LEBES FINANCEIRA S.A. - CRÉDITO, FINANCIAMENTO E INVESTIMENTO;0.0;362780;2025;2;Q2/25;20252
LECCA (conglomerado);0.0;32096;2025;2;Q2/25;20252
MAGALUPAY IP (conglomerado);0.0;3545994;2025;2;Q2/25;20252
MERCADO BITCOIN IP (conglomerado);0.0;22359;2025;2;Q2/25;20252
MERCADO PAGO IP (conglomerado);54.05;62824224;2025;2;Q2/25;20252
MERCANTIL DO BRASIL (conglomerado);260.88;8015076;2025;2;Q2/25;20252
MERCEDES-BENZ (conglomerado);0.0;17763;2025;2;Q2/25;20252
MIDWAY S.A. - SCFI (conglomerado);7.64;8850787;2025;2;Q2/25;20252
NEGRESCO S.A. - CREDITO, FINANCIAMENTO E INVESTIMENTOS;0.0;549806;2025;2;Q2/25;20252
NEON PAGAMENTOS IP (conglomerado);31.75;26356020;2025;2;Q2/25;20252
NOVO BCO CONTINENTAL S.A. - BM (conglomerado);0.0;21846;2025;2;Q2/25;20252
NU PAGAMENTOS (conglomerado);12.96;106495979;2025;2;Q2/25;20252
NVIO BRASIL BITSO IP (conglomerado);0.0;1310782;2025;2;Q2/25;20252
OKTO IP (conglomerado);0.0;23;2025;2;Q2/25;20252
OMNI (conglomerado);18.97;2022834;2025;2;Q2/25;20252
ONEKEY PAYMENTS IP (conglomerado);0.0;132;2025;2;Q2/25;20252
ORIGINAL (conglomerado);32.38;1830592;2025;2;Q2/25;20252
OURIBANK (conglomerado);0.0;1495774;2025;2;Q2/25;20252
PAGARE IP (conglomerado);0.0;65;2025;2;Q2/25;20252
PAGCERTO IP (conglomerado);0.0;75343;2025;2;Q2/25;20252
PAGSEGURO (conglomerado);48.47;33050761;2025;2;Q2/25;20252
PAGUEVELOZ IP (conglomerado);0.0;3955530;2025;2;Q2/25;20252
PARANÁ BANCO (conglomerado);77.18;1766542;2025;2;Q2/25;20252
PAY BROKERS IP INSTITUICAO DE PAGAMENTO LTDA.;0.0;76;2025;2;Q2/25;20252
PAY2ALL INSTITUICAO DE PAGAMENTO LTDA;0.0;13;2025;2;Q2/25;20252
PAY4FUN IP S.A. (conglomerado);0.0;22;2025;2;Q2/25;20252
PAYPAL DO BRASIL IP (conglomerado);0.0;228087;2025;2;Q2/25;20252
PEFISA S.A. (conglomerado);32.88;9176365;2025;2;Q2/25;20252
PICPAY (conglomerado);40.83;63907113;2025;2;Q2/25;20252
PINBANK BRASIL IP (conglomerado);0.0;27042;2025;2;Q2/25;20252
PINE (conglomerado);584.63;2187801;2025;2;Q2/25;20252
PLUXEE IP (conglomerado);0.0;2068649;2025;2;Q2/25;20252
PORTO SEGURO (conglomerado);138.22;3197291;2025;2;Q2/25;20252
PROVER PROMOCAO DE VENDAS INSTITUICAO DE PAGAMENTO LTDA;0.0;152;2025;2;Q2/25;20252
QISTA S.A. CFI (conglomerado);0.0;113835;2025;2;Q2/25;20252
QUERO-QUERO VERDECARD IP (conglomerado);0.0;657449;2025;2;Q2/25;20252
REALIZE CFI (conglomerado);18.14;6519025;2025;2;Q2/25;20252
RECARGAPAY IP (conglomerado);31.02;11452187;2025;2;Q2/25;20252
RENDIMENTO (conglomerado);0.0;325064;2025;2;Q2/25;20252
ROADCARD INSTITUICAO DE PAGAMENTO INTEGRADO DA LOGISTICA S.A.;0.0;2795;2025;2;Q2/25;20252
RODOBENS (conglomerado);0.0;29354;2025;2;Q2/25;20252
RPW S/A SOCIEDADE DE CRÉDITO, FINANCIAMENTO E INVESTIMENTO;0.0;7;2025;2;Q2/25;20252
SAFRA (conglomerado);140.45;4438410;2025;2;Q2/25;20252
SANTANDER (conglomerado);29.96;68852132;2025;2;Q2/25;20252
SANTINVEST S.A. - CREDITO, FINANCIAMENTO E INVESTIMENTOS;0.0;11979;2025;2;Q2/25;20252
SENFFNET IP (conglomerado);0.0;748270;2025;2;Q2/25;20252
SHPP BRASIL IP (conglomerado);12.9;5948666;2025;2;Q2/25;20252
SIMPALA CFI (conglomerado);0.0;12100;2025;2;Q2/25;20252
SOCINAL S.A. CFI (conglomerado);0.0;3276;2025;2;Q2/25;20252
SOFISA (conglomerado);174.14;1429243;2025;2;Q2/25;20252
STARK SCD (conglomerado);0.0;0;2025;2;Q2/25;20252
STELLANTIS (conglomerado);0.0;201203;2025;2;Q2/25;20252
STONE IP (conglomerado);17.76;12527949;2025;2;Q2/25;20252
STRIPE BRASIL SOLUCOES DE PAGAMENTO INSTITUICAO DE PAGAMENTO LTDA;0.0;85;2025;2;Q2/25;20252
SUMUP IP (conglomerado);0.0;130;2025;2;Q2/25;20252
SUPERBID PAY IP (conglomerado);0.0;490306;2025;2;Q2/25;20252
SWAP IP (conglomerado);0.0;2279494;2025;2;Q2/25;20252
TODESCREDI S/A - CRÉDITO, FINANCIAMENTO E INVESTIMENTO;0.0;44193;2025;2;Q2/25;20252
TRANSFEERA IP (conglomerado);0.0;3021;2025;2;Q2/25;20252
TRANSFERO IP (conglomerado);0.0;11;2025;2;Q2/25;20252
VALOR CFI (conglomerado);0.0;37171;2025;2;Q2/25;20252
VIA CERTA FINANCIADORA S.A. - CRÉDITO, FINANCIAMENTO E INVESTIMENTOS;0.0;252345;2025;2;Q2/25;20252
VOLKSWAGEN (conglomerado);180.57;548361;2025;2;Q2/25;20252
VOTORANTIM (conglomerado);38.39;10174971;2025;2;Q2/25;20252
WESTERN UNION (conglomerado);0.0;4;2025;2;Q2/25;20252
WISE BRASIL CC (conglomerado);0.0;0;2025;2;Q2/25;20252
XP (conglomerado);38.2;6342313;2025;2;Q2/25;20252
YAMAHA MOTOR (conglomerado);0.0;250650;2025;2;Q2/25;20252
Z1 INSTITUIÇÃO DE PAGAMENTO LTDA.;0.0;0;2025;2;Q2/25;20252
ZEMA CFI (conglomerado);0.0;342315;2025;2;Q2/25;20252
ZERO IP (conglomerado);0.0;22124;2025;2;Q2/25;20252
ZOOP TECNOLOGIA IP (conglomerado);0.0;721437;2025;2;Q2/25;20252
99PAY IP (conglomerado);18.21;24853840;2025;3;Q3/25;20253
ABC-BRASIL (conglomerado);0.0;46241;2025;3;Q3/25;20253
ADYEN DO BRASIL IP (conglomerado);0.0;129;2025;3;Q3/25;20253
AGIBANK (conglomerado);614.12;6556525;2025;3;Q3/25;20253
AGORACRED S/A SCFI (conglomerado);0.0;692346;2025;3;Q3/25;20253
AL5 S.A. SCFI (conglomerado);0.0;20603;2025;3;Q3/25;20253
ALELO IP (conglomerado);0.0;1697659;2025;3;Q3/25;20253
AME DIGITAL BRASIL IP (conglomerado);8305.63;33864;2025;3;Q3/25;20253
ANDBANK (conglomerado);0.0;112166;2025;3;Q3/25;20253
ASAAS GESTAO FINANCEIRA IP (conglomerado);70.04;1149234;2025;3;Q3/25;20253
ASTRO IP (conglomerado);1257.69;62449;2025;3;Q3/25;20253
BANCO AFINZ BM (conglomerado);0.0;694750;2025;3;Q3/25;20253
BANCO B3 (conglomerado);0.0;1171;2025;3;Q3/25;20253
BANCO BARI DE INVESTIMENTO E FINANCI. (conglomerado);502.85;92588;2025;3;Q3/25;20253
BANCO C6 (conglomerado);53.03;32544127;2025;3;Q3/25;20253
BANCO CNH INDUSTRIAL CAPITAL S.A (conglomerado);0.0;33328;2025;3;Q3/25;20253
BANCO DIGIMAIS (conglomerado);1552.43;177576;2025;3;Q3/25;20253
BANCO HSBC S.A.;0.0;6181;2025;3;Q3/25;20253
BANCO KDB DO BRASIL S.A.;0.0;180;2025;3;Q3/25;20253
BANCO MASTER (conglomerado);232.86;12407607;2025;3;Q3/25;20253
BANCO PAULISTA (conglomerado);0.0;138043;2025;3;Q3/25;20253
BANCO RIBEIRÃO PRETO (conglomerado);25308.57;4984;2025;3;Q3/25;20253
BANCO RNX S.A. (conglomerado);0.0;2422;2025;3;Q3/25;20253
BANCO SEMEAR (conglomerado);0.0;152915;2025;3;Q3/25;20253
BANCO SICOOB (conglomerado);11.67;7103800;2025;3;Q3/25;20253
BANCO TOPÁZIO S.A. (conglomerado);0.0;12133;2025;3;Q3/25;20253
BANCO TRATON BRASIL S.A. (conglomerado);0.0;1019;2025;3;Q3/25;20253
BANCO TRAVELEX S.A.;0.0;22142;2025;3;Q3/25;20253
BANCO VR S.A.;0.0;43287;2025;3;Q3/25;20253
BANESTES (conglomerado);51.33;1502524;2025;3;Q3/25;20253
BANK OF AMERICA MERRILL LYNCH BANCO MÚLTIPLO S.A.;0.0;4164;2025;3;Q3/25;20253
BANK OF CHINA (BRASIL) (conglomerado);0.0;117880;2025;3;Q3/25;20253
BANQI IP (conglomerado);0.0;4859163;2025;3;Q3/25;20253
BANRISUL (conglomerado);37.18;5757230;2025;3;Q3/25;20253
BB (conglomerado);25.85;80883474;2025;3;Q3/25;20253
BBC S.A. (conglomerado);0.0;21750;2025;3;Q3/25;20253
BBVA BRASIL BANCO DE INVESTIMENTO S.A.;0.0;3;2025;3;Q3/25;20253
BCO ABN AMRO CLEARING (conglomerado);0.0;1;2025;3;Q3/25;20253
BCO ARBI S.A. (conglomerado);45.99;695053;2025;3;Q3/25;20253
BCO COOPERATIVO SICREDI (conglomerado);0.0;10414504;2025;3;Q3/25;20253
BCO CSF S.A. (conglomerado);30.22;9853411;2025;3;Q3/25;20253
BCO DA AMAZONIA S.A. (conglomerado);0.0;708729;2025;3;Q3/25;20253
BCO DAYCOVAL S.A (conglomerado);39.19;2428902;2025;3;Q3/25;20253
BCO DE LAGE LANDEN BRASIL S.A. (conglomerado);0.0;39938;2025;3;Q3/25;20253
BCO DO EST. DE SE S.A. (conglomerado);57.66;1056491;2025;3;Q3/25;20253
BCO DO EST. DO PA S.A. (conglomerado);124.4;1114172;2025;3;Q3/25;20253
BCO DO NORDESTE DO BRASIL S.A. (conglomerado);0.0;10903524;2025;3;Q3/25;20253
BCO FIBRA S.A. (conglomerado);0.0;162635;2025;3;Q3/25;20253
BCO INBURSA S.A. (conglomerado);276.34;778084;2025;3;Q3/25;20253
BCO TOYOTA DO BRASIL S.A. (conglomerado);0.0;158275;2025;3;Q3/25;20253
BCO TRIANGULO S.A. (conglomerado);0.0;1677817;2025;3;Q3/25;20253
BECKER FINANCEIRA S.A. - CFI (conglomerado);0.0;218931;2025;3;Q3/25;20253
BEES IP (conglomerado);0.0;152;2025;3;Q3/25;20253
BK IP (conglomerado);0.0;363404;2025;3;Q3/25;20253
BMG (conglomerado);122.91;9206496;2025;3;Q3/25;20253
BMW (conglomerado);0.0;58852;2025;3;Q3/25;20253
BNP PARIBAS (conglomerado);0.0;459239;2025;3;Q3/25;20253
BRADESCO (conglomerado);51.74;110494968;2025;3;Q3/25;20253
BRB (conglomerado);136.73;9804440;2025;3;Q3/25;20253
BS2 (conglomerado);0.0;392150;2025;3;Q3/25;20253
BTG PACTUAL/BANCO PAN (conglomerado);32.23;26578046;2025;3;Q3/25;20253
BULLLA IP (conglomerado);0.0;620493;2025;3;Q3/25;20253
CAIXA ECONÔMICA FEDERAL (conglomerado);25.87;157475727;2025;3;Q3/25;20253
CAIXA GERAL (conglomerado);0.0;1081;2025;3;Q3/25;20253
CALCARD IP (conglomerado);0.0;914664;2025;3;Q3/25;20253
CARUANA S.A. - SOCIEDADE DE CRÉDITO, FINANCIAMENTO E INVESTIMENTO;0.0;62289;2025;3;Q3/25;20253
CELCOIN IP (conglomerado);34.9;7985634;2025;3;Q3/25;20253
CIELO IP (conglomerado);0.0;1448360;2025;3;Q3/25;20253
CITIBANK (conglomerado);0.0;17970;2025;3;Q3/25;20253
CLARA IP (conglomerado);0.0;19354;2025;3;Q3/25;20253
CLARO PAY IP (conglomerado);43.3;1145410;2025;3;Q3/25;20253
CLOUDWALK IP (conglomerado);9.55;14095675;2025;3;Q3/25;20253
COBUCCIO SCFI (conglomerado);359.31;3010229;2025;3;Q3/25;20253
COMPREV - CRÉDITO, FINANCIAMENTO E INVESTIMENTO S.A.;0.0;464;2025;3;Q3/25;20253
COOPER CARD IP (conglomerado);0.0;309397;2025;3;Q3/25;20253
CORA SCFI (conglomerado);0.0;2429529;2025;3;Q3/25;20253
CREDI SHOP S.A. (conglomerado);0.0;668183;2025;3;Q3/25;20253
CREDIARE CFI (conglomerado);0.0;272305;2025;3;Q3/25;20253
CREDSYSTEM IP (conglomerado);25.19;3616865;2025;3;Q3/25;20253
CREFISA S.A. CFI (conglomerado);115.68;7883544;2025;3;Q3/25;20253
DLOCAL BRASIL INSTITUIÇÃO DE PAGAMENTO - PRUDENCIA (conglomerado);0.0;105144;2025;3;Q3/25;20253
DM FINANCEIRA CFI (conglomerado);135.21;2250494;2025;3;Q3/25;20253
DOCK IP (conglomerado);12.19;3888248;2025;3;Q3/25;20253
EAGLE SCD (conglomerado);0.0;0;2025;3;Q3/25;20253
EBANX IP (conglomerado);29.75;2564728;2025;3;Q3/25;20253
EDENRED SOLUCOES E IP AHA (conglomerado);0.0;868865;2025;3;Q3/25;20253
EFI S.A. IP (conglomerado);135.76;658008;2025;3;Q3/25;20253
EMPRESA BRASILEIRA DE BENEFICIOS E PAGAMENTOS IP - (conglomerado);0.0;662892;2025;3;Q3/25;20253
EWALLY IP (conglomerado);0.0;2331;2025;3;Q3/25;20253
FACTA S.A. CFI (conglomerado);2660.2;1349798;2025;3;Q3/25;20253
FINAMAX S.A. CFI (conglomerado);0.0;32612;2025;3;Q3/25;20253
FISERV DO BRASIL IP (conglomerado);0.0;8527;2025;3;Q3/25;20253
FITBANK IP (conglomerado);235.69;142132;2025;3;Q3/25;20253
FLAGSHIP IP (conglomerado);0.0;102351;2025;3;Q3/25;20253
FLASH TECNOLOGIA IP (conglomerado);0.0;433215;2025;3;Q3/25;20253
FORIS GFS BR IP (conglomerado);0.0;332529;2025;3;Q3/25;20253
GAZINCRED SCFI (conglomerado);0.0;141205;2025;3;Q3/25;20253
GENIAL (conglomerado);0.0;2170867;2025;3;Q3/25;20253
GM (conglomerado);0.0;506;2025;3;Q3/25;20253
GOOGLE PAY BRASIL IP (conglomerado);0.0;0;2025;3;Q3/25;20253
GRAZZIOTIN FINANCEIRA (conglomerado);0.0;158083;2025;3;Q3/25;20253
HONDA (conglomerado);0.0;558706;2025;3;Q3/25;20253
HS FINANCEIRA (conglomerado);0.0;231558;2025;3;Q3/25;20253
INDUSTRIAL DO BRASIL (conglomerado);0.0;89639;2025;3;Q3/25;20253
INTER (conglomerado);96.37;40066015;2025;3;Q3/25;20253
ITAU (conglomerado);45.13;100248541;2025;3;Q3/25;20253
IUGU IP (conglomerado);171.45;259469;2025;3;Q3/25;20253
JBCRED S.A. SCFI (conglomerado);0.0;59913;2025;3;Q3/25;20253
JP MORGAN CHASE (conglomerado);0.0;4378;2025;3;Q3/25;20253
KANASTRA FINANCEIRA S.A, CREDITO, FINANCIAMENTO E INVESTIMENTO;0.0;708;2025;3;Q3/25;20253
KIWIFY IP (conglomerado);0.0;0;2025;3;Q3/25;20253
KREDILIG S.A. - CFI (conglomerado);0.0;427725;2025;3;Q3/25;20253
LEBES FINANCEIRA S.A. - CFI (conglomerado);0.0;366865;2025;3;Q3/25;20253
LECCA (conglomerado);2146.64;28107;2025;3;Q3/25;20253
MAGALUPAY IP (conglomerado);9.03;3681087;2025;3;Q3/25;20253
MERCADO BITCOIN IP (conglomerado);0.0;24329;2025;3;Q3/25;20253
MERCADO PAGO IP (conglomerado);51.58;66179957;2025;3;Q3/25;20253
MERCANTIL DO BRASIL (conglomerado);306.6;8287086;2025;3;Q3/25;20253
MERCEDES-BENZ (conglomerado);0.0;17900;2025;3;Q3/25;20253
MÊNTORE IP (conglomerado);238.44;1060623;2025;3;Q3/25;20253
MIDWAY S.A. - SCFI (conglomerado);0.0;9019524;2025;3;Q3/25;20253
NEGRESCO S.A. - CFI (conglomerado);0.0;556112;2025;3;Q3/25;20253
NEON PAGAMENTOS IP (conglomerado);34.58;26111285;2025;3;Q3/25;20253
NG CASH IP (conglomerado);12.43;3067165;2025;3;Q3/25;20253
NOVO BCO CONTINENTAL S.A. - BM (conglomerado);0.0;21355;2025;3;Q3/25;20253
NU PAGAMENTOS (conglomerado);12.67;109315016;2025;3;Q3/25;20253
NVIO BRASIL BITSO IP (conglomerado);0.0;1317405;2025;3;Q3/25;20253
OKTO IP (conglomerado);0.0;29;2025;3;Q3/25;20253
OMNI (conglomerado);23.08;1891766;2025;3;Q3/25;20253
ONEKEY PAYMENTS IP (conglomerado);0.0;144;2025;3;Q3/25;20253
ORIGINAL (conglomerado);74.0;1423341;2025;3;Q3/25;20253
OURIBANK (conglomerado);0.0;1507836;2025;3;Q3/25;20253
PAGARE IP (conglomerado);0.0;71;2025;3;Q3/25;20253
PAGBRASIL IP (conglomerado);0.0;0;2025;3;Q3/25;20253
PAGCERTO IP (conglomerado);0.0;79796;2025;3;Q3/25;20253
PAGSEGURO (conglomerado);47.31;33715297;2025;3;Q3/25;20253
PAGUEVELOZ IP (conglomerado);0.0;4370148;2025;3;Q3/25;20253
PARANÁ BANCO (conglomerado);72.43;2084607;2025;3;Q3/25;20253
PAY4FUN IP S.A. (conglomerado);0.0;23;2025;3;Q3/25;20253
PAYPAL DO BRASIL IP (conglomerado);0.0;231175;2025;3;Q3/25;20253
PEFISA S.A. (conglomerado);88.9;4700407;2025;3;Q3/25;20253
PICPAY (conglomerado);50.06;65633305;2025;3;Q3/25;20253
PINBANK BRASIL IP (conglomerado);0.0;26979;2025;3;Q3/25;20253
PINE (conglomerado);943.01;2303733;2025;3;Q3/25;20253
PLUXEE IP (conglomerado);0.0;2080793;2025;3;Q3/25;20253
PORTO SEGURO (conglomerado);108.22;3282524;2025;3;Q3/25;20253
PROVER PROMOCAO DE VENDAS IP (conglomerado);0.0;169;2025;3;Q3/25;20253
QISTA S.A. CFI (conglomerado);0.0;122430;2025;3;Q3/25;20253
QUERO-QUERO VERDECARD IP (conglomerado);0.0;693665;2025;3;Q3/25;20253
REALIZE SCFI (conglomerado);14.95;6598394;2025;3;Q3/25;20253
RECARGAPAY IP (conglomerado);27.92;12354211;2025;3;Q3/25;20253
RENDIMENTO (conglomerado);0.0;326502;2025;3;Q3/25;20253
ROADCARD INSTITUICAO DE PAGAMENTO INTEGRADO DA LOGISTICA S.A.;0.0;3039;2025;3;Q3/25;20253
RODOBENS (conglomerado);0.0;28976;2025;3;Q3/25;20253
RPW S/A SCFI (conglomerado);0.0;7;2025;3;Q3/25;20253
SAFRA (conglomerado);137.54;4418712;2025;3;Q3/25;20253
SANTANDER (conglomerado);29.25;69660783;2025;3;Q3/25;20253
SANTINVEST (conglomerado);0.0;11875;2025;3;Q3/25;20253
SEM PARAR IP (conglomerado);0.0;305755;2025;3;Q3/25;20253
SENFFNET IP (conglomerado);87.56;773332;2025;3;Q3/25;20253
SERVNET IP (conglomerado);0.0;32200;2025;3;Q3/25;20253
SHPP BRASIL IP (conglomerado);13.04;6958833;2025;3;Q3/25;20253
SIMPALA CFI (conglomerado);0.0;17794;2025;3;Q3/25;20253
SOCINAL S.A. CFI (conglomerado);0.0;3407;2025;3;Q3/25;20253
SOFISA (conglomerado);198.2;1452450;2025;3;Q3/25;20253
SOLFÁCIL SOCIEDADE DE CRÉDITO, FINANCIAMENTO E INVESTIMENTO S.A.;0.0;136;2025;3;Q3/25;20253
STARK SCD (conglomerado);0.0;1611;2025;3;Q3/25;20253
STELLANTIS (conglomerado);0.0;224935;2025;3;Q3/25;20253
STONE IP (conglomerado);13.03;13301438;2025;3;Q3/25;20253
STRIPE BRASIL IP PRUDENCIAL (conglomerado);0.0;88;2025;3;Q3/25;20253
SUMUP IP (conglomerado);0.0;127;2025;3;Q3/25;20253
SUPERBID PAY IP (conglomerado);0.0;502092;2025;3;Q3/25;20253
SWAP IP (conglomerado);0.0;2549921;2025;3;Q3/25;20253
SWILE IP (conglomerado);0.0;24;2025;3;Q3/25;20253
TODESCREDI S/A - CFI (conglomerado);0.0;47195;2025;3;Q3/25;20253
TRANSFEERA IP (conglomerado);0.0;2919;2025;3;Q3/25;20253
TRIO INSTITUICAO DE PAGAMENTO LTDA.;0.0;165;2025;3;Q3/25;20253
UNLIMIT BRASIL INSTITUICAO DE PAGAMENTO LTDA;0.0;1;2025;3;Q3/25;20253
V3 IP (conglomerado);0.0;39203;2025;3;Q3/25;20253
VALOR CFI (conglomerado);0.0;37904;2025;3;Q3/25;20253
VIA CERTA CFI (conglomerado);0.0;251546;2025;3;Q3/25;20253
VIATECH BANK PROCESSADORA DE PAGAMENTO LTDA;0.0;54;2025;3;Q3/25;20253
VOLKSWAGEN (conglomerado);197.55;590017;2025;3;Q3/25;20253
VOLVO (conglomerado);0.0;9080;2025;3;Q3/25;20253
VOTORANTIM (conglomerado);53.95;9938442;2025;3;Q3/25;20253
WE PAY OUT IP (conglomerado);0.0;441;2025;3;Q3/25;20253
WESTERN UNION (conglomerado);0.0;4;2025;3;Q3/25;20253
WISE BRASIL CC (conglomerado);10.92;4233530;2025;3;Q3/25;20253
WOOVI IP (conglomerado);0.0;1832;2025;3;Q3/25;20253
XP (conglomerado);27.83;6646687;2025;3;Q3/25;20253
YAMAHA MOTOR (conglomerado);0.0;262421;2025;3;Q3/25;20253
Z1 INSTITUIÇÃO DE PAGAMENTO (conglomerado);0.0;0;2025;3;Q3/25;20253
ZEMA CFI (conglomerado);135.07;337151;2025;3;Q3/25;20253
ZERO IP (conglomerado);0.0;40825;2025;3;Q3/25;20253
ZOOP TECNOLOGIA IP (conglomerado);0.0;998447;2025;3;Q3/25;20253
99PAY IP (conglomerado);16.0;26108586;2025;4;Q4/25;20254
ABC-BRASIL (conglomerado);0.0;47365;2025;4;Q4/25;20254
ACG IP (conglomerado);0.0;101311;2025;4;Q4/25;20254
ADYEN DO BRASIL IP (conglomerado);0.0;154;2025;4;Q4/25;20254
AGIBANK (conglomerado);362.43;7191175;2025;4;Q4/25;20254
AGORACRED S/A SCFI (conglomerado);0.0;698179;2025;4;Q4/25;20254
AL5 S.A. SCFI (conglomerado);0.0;20865;2025;4;Q4/25;20254
ANDBANK (conglomerado);0.0;199612;2025;4;Q4/25;20254
ASAAS GESTAO FINANCEIRA IP (conglomerado);60.73;1207772;2025;4;Q4/25;20254
ASTRO IP (conglomerado);953.71;62449;2025;4;Q4/25;20254
BANCO AFINZ BM (conglomerado);213.39;785596;2025;4;Q4/25;20254
BANCO B3 (conglomerado);0.0;1212;2025;4;Q4/25;20254
BANCO BARI DE INVESTIMENTO E FINANCI. (conglomerado);902.77;73300;2025;4;Q4/25;20254
BANCO C6 (conglomerado);51.92;33467101;2025;4;Q4/25;20254
BANCO CNH INDUSTRIAL CAPITAL S.A (conglomerado);0.0;33624;2025;4;Q4/25;20254
BANCO DIGIMAIS (conglomerado);1464.12;199026;2025;4;Q4/25;20254
BANCO HSBC (conglomerado);0.0;6203;2025;4;Q4/25;20254
BANCO PAULISTA (conglomerado);0.0;171889;2025;4;Q4/25;20254
BANCO PLENO (conglomerado);0.0;1201;2025;4;Q4/25;20254
BANCO PORTO REAL DE INVEST.S.A (conglomerado);0.0;15;2025;4;Q4/25;20254
BANCO RIBEIRÃO PRETO (conglomerado);33146.6;4966;2025;4;Q4/25;20254
BANCO SEMEAR (conglomerado);0.0;149334;2025;4;Q4/25;20254
BANCO SICOOB (conglomerado);0.0;7160712;2025;4;Q4/25;20254
BANCO TOPÁZIO S.A. (conglomerado);0.0;11528;2025;4;Q4/25;20254
BANCO XCMG BRASIL S.A.;0.0;434;2025;4;Q4/25;20254
BANESTES (conglomerado);61.26;1514890;2025;4;Q4/25;20254
BANK OF AMERICA MERRILL LYNCH BANCO MÚLTIPLO S.A.;0.0;4824;2025;4;Q4/25;20254
BANK OF CHINA (BRASIL) (conglomerado);0.0;115766;2025;4;Q4/25;20254
BANQI IP (conglomerado);0.0;4781423;2025;4;Q4/25;20254
BANRISUL (conglomerado);33.35;5814177;2025;4;Q4/25;20254
BB (conglomerado);16.22;81983236;2025;4;Q4/25;20254
BBC S.A. (conglomerado);0.0;0;2025;4;Q4/25;20254
BCO ABN AMRO CLEARING (conglomerado);0.0;1;2025;4;Q4/25;20254
BCO ARBI S.A. (conglomerado);0.0;729270;2025;4;Q4/25;20254
BCO CEDULA S.A. (conglomerado);0.0;17904;2025;4;Q4/25;20254
BCO COOPERATIVO SICREDI (conglomerado);0.0;10671660;2025;4;Q4/25;20254
BCO CSF S.A. (conglomerado);24.51;9630191;2025;4;Q4/25;20254
BCO DA AMAZONIA S.A. (conglomerado);0.0;727167;2025;4;Q4/25;20254
BCO DAYCOVAL S.A (conglomerado);41.35;2467294;2025;4;Q4/25;20254
BCO DO EST. DE SE S.A. (conglomerado);90.01;998260;2025;4;Q4/25;20254
BCO DO EST. DO PA S.A. (conglomerado);143.15;1135284;2025;4;Q4/25;20254
BCO DO NORDESTE DO BRASIL S.A. (conglomerado);0.0;11076936;2025;4;Q4/25;20254
BCO FIBRA S.A. (conglomerado);0.0;161255;2025;4;Q4/25;20254
BCO INBURSA S.A. (conglomerado);187.54;791445;2025;4;Q4/25;20254
BCO KDB BRASIL S.A. (conglomerado);0.0;182;2025;4;Q4/25;20254
BCO TOYOTA DO BRASIL S.A. (conglomerado);0.0;153997;2025;4;Q4/25;20254
BCO TRIANGULO S.A. (conglomerado);0.0;1532808;2025;4;Q4/25;20254
BK IP (conglomerado);0.0;192443;2025;4;Q4/25;20254
BMG (conglomerado);83.18;9347503;2025;4;Q4/25;20254
BMW (conglomerado);0.0;60735;2025;4;Q4/25;20254
BNP PARIBAS (conglomerado);0.0;450403;2025;4;Q4/25;20254
BRADESCO (conglomerado);43.89;110474071;2025;4;Q4/25;20254
BRB (conglomerado);190.49;9202174;2025;4;Q4/25;20254
BS2 (conglomerado);137.29;359192;2025;4;Q4/25;20254
BTG PACTUAL/BANCO PAN (conglomerado);33.67;26750691;2025;4;Q4/25;20254
BULLLA IP (conglomerado);109.36;698334;2025;4;Q4/25;20254
CAIXA ECONÔMICA FEDERAL (conglomerado);17.23;158055739;2025;4;Q4/25;20254
CAIXA GERAL (conglomerado);0.0;1102;2025;4;Q4/25;20254
CALCARD IP (conglomerado);0.0;966566;2025;4;Q4/25;20254
CELCOIN IP (conglomerado);19.23;9477305;2025;4;Q4/25;20254
CIELO IP (conglomerado);0.0;1621604;2025;4;Q4/25;20254
CITIBANK (conglomerado);0.0;17428;2025;4;Q4/25;20254
CLARA IP (conglomerado);0.0;21406;2025;4;Q4/25;20254
CLARO PAY IP (conglomerado);0.0;1177423;2025;4;Q4/25;20254
CLOUDWALK IP (conglomerado);6.43;15824756;2025;4;Q4/25;20254
COBUCCIO SCFI (conglomerado);288.14;3678041;2025;4;Q4/25;20254
CONTAAZUL IP (conglomerado);0.0;27624;2025;4;Q4/25;20254
COOPER CARD IP (conglomerado);0.0;521691;2025;4;Q4/25;20254
CORA SCFI (conglomerado);0.0;2535607;2025;4;Q4/25;20254
CREDI SHOP S.A. (conglomerado);0.0;668960;2025;4;Q4/25;20254
CREDIARE CFI (conglomerado);0.0;233964;2025;4;Q4/25;20254
CREDSYSTEM IP (conglomerado);33.76;3688691;2025;4;Q4/25;20254
CREFISA S.A. CFI (conglomerado);111.48;8056619;2025;4;Q4/25;20254
DLOCAL BRASIL INSTITUIÇÃO DE PAGAMENTO - PRUDENCIA (conglomerado);0.0;192067;2025;4;Q4/25;20254
DM SCFI (conglomerado);87.39;4078625;2025;4;Q4/25;20254
DOCK IP (conglomerado);11.5;4316135;2025;4;Q4/25;20254
EAGLE SCD (conglomerado);0.0;1881;2025;4;Q4/25;20254
EBANX IP (conglomerado);24.31;2631803;2025;4;Q4/25;20254
EDENRED SOLUCOES E IP AHA (conglomerado);0.0;798379;2025;4;Q4/25;20254
EFI S.A. IP (conglomerado);107.87;677733;2025;4;Q4/25;20254
EMPRESA BRASILEIRA DE BENEFICIOS E PAGAMENTOS IP - (conglomerado);0.0;955129;2025;4;Q4/25;20254
FACTA S.A. CFI (conglomerado);2167.37;1429116;2025;4;Q4/25;20254
FINAMAX S.A. CFI (conglomerado);0.0;31770;2025;4;Q4/25;20254
FITBANK IP (conglomerado);0.0;212999;2025;4;Q4/25;20254
FLAGSHIP IP (conglomerado);0.0;105911;2025;4;Q4/25;20254
FLASH TECNOLOGIA IP (conglomerado);0.0;447365;2025;4;Q4/25;20254
FORIS GFS BR IP (conglomerado);0.0;335759;2025;4;Q4/25;20254
GAZINCRED SCFI (conglomerado);0.0;146370;2025;4;Q4/25;20254
GENIAL (conglomerado);20.21;2302063;2025;4;Q4/25;20254
GM (conglomerado);0.0;276064;2025;4;Q4/25;20254
GOLCRED (conglomerado);0.0;42851;2025;4;Q4/25;20254
GOOGLE PAY BRASIL IP (conglomerado);0.0;0;2025;4;Q4/25;20254
HONDA (conglomerado);0.0;126;2025;4;Q4/25;20254
HS FINANCEIRA (conglomerado);0.0;231754;2025;4;Q4/25;20254
IFOOD PAGO IP (conglomerado);0.0;933218;2025;4;Q4/25;20254
INDUSTRIAL DO BRASIL (conglomerado);0.0;90800;2025;4;Q4/25;20254
INOVANTI IP (conglomerado);0.0;2668;2025;4;Q4/25;20254
INTER (conglomerado);39.23;41962921;2025;4;Q4/25;20254
ITAU (conglomerado);36.24;100321592;2025;4;Q4/25;20254
IUGU IP (conglomerado);0.0;286862;2025;4;Q4/25;20254
JBCRED S.A. SCFI (conglomerado);0.0;61672;2025;4;Q4/25;20254
JP MORGAN CHASE (conglomerado);0.0;0;2025;4;Q4/25;20254
KANASTRA FINANCEIRA S.A, CREDITO, FINANCIAMENTO E INVESTIMENTO;0.0;222;2025;4;Q4/25;20254
KREDILIG S.A. - CFI (conglomerado);0.0;429823;2025;4;Q4/25;20254
LEBES FINANCEIRA SCFI (conglomerado);0.0;398621;2025;4;Q4/25;20254
LECCA (conglomerado);0.0;29282;2025;4;Q4/25;20254
MAGALUPAY IP (conglomerado);0.0;3581665;2025;4;Q4/25;20254
MAX IP (conglomerado);0.0;0;2025;4;Q4/25;20254
MERCADO BITCOIN IP (conglomerado);0.0;31933;2025;4;Q4/25;20254
MERCADO PAGO IP (conglomerado);38.66;68819314;2025;4;Q4/25;20254
MERCANTIL DO BRASIL (conglomerado);221.12;8724867;2025;4;Q4/25;20254
MÊNTORE IP (conglomerado);211.75;1182044;2025;4;Q4/25;20254
MIDWAY S.A. - SCFI (conglomerado);0.0;9265581;2025;4;Q4/25;20254
MT INSTITUICAO DE PAGAMENTO SA;0.0;60;2025;4;Q4/25;20254
NAIP IP (conglomerado);0.0;1902214;2025;4;Q4/25;20254
NEGRESCO S.A. - CFI (conglomerado);0.0;562066;2025;4;Q4/25;20254
NEON PAGAMENTOS IP (conglomerado);39.59;26033974;2025;4;Q4/25;20254
NG CASH IP (conglomerado);15.63;3550291;2025;4;Q4/25;20254
NOVO BCO CONTINENTAL S.A. - BM (conglomerado);54.3;1176822;2025;4;Q4/25;20254
NU PAGAMENTOS (conglomerado);12.04;112017464;2025;4;Q4/25;20254
NVIO BRASIL BITSO IP (conglomerado);0.0;1322339;2025;4;Q4/25;20254
OKTO IP (conglomerado);0.0;36;2025;4;Q4/25;20254
OMNI (conglomerado);0.0;1972972;2025;4;Q4/25;20254
ONEKEY PAYMENTS IP (conglomerado);0.0;147;2025;4;Q4/25;20254
ORIGINAL (conglomerado);71.72;1303116;2025;4;Q4/25;20254
OURIBANK (conglomerado);0.0;1516255;2025;4;Q4/25;20254
PAGBRASIL TECNOLOGIA IP (conglomerado);0.0;1;2025;4;Q4/25;20254
PAGCERTO IP (conglomerado);0.0;84618;2025;4;Q4/25;20254
PAGHIPER INSTITUIÇAO DE PAGAMENTO LTDA.;0.0;5;2025;4;Q4/25;20254
PAGME INSTITUIÇÃO DE PAGAMENTO LTDA.;0.0;8891;2025;4;Q4/25;20254
PAGSEGURO (conglomerado);32.09;33963849;2025;4;Q4/25;20254
PAGSMILE IP (conglomerado);0.0;0;2025;4;Q4/25;20254
PAGUEVELOZ IP (conglomerado);0.0;4733108;2025;4;Q4/25;20254
PARANÁ BANCO (conglomerado);41.78;2404948;2025;4;Q4/25;20254
PARATI CFI (conglomerado);44470.72;10235;2025;4;Q4/25;20254
PAY2ALL IP (conglomerado);0.0;13;2025;4;Q4/25;20254
PAY4FUN IP S.A. (conglomerado);0.0;30;2025;4;Q4/25;20254
PAYPAL DO BRASIL IP (conglomerado);0.0;234730;2025;4;Q4/25;20254
PEFISA S.A. (conglomerado);75.47;4948548;2025;4;Q4/25;20254
PICPAY (conglomerado);55.52;66970524;2025;4;Q4/25;20254
PINBANK BRASIL IP (conglomerado);0.0;27561;2025;4;Q4/25;20254
PINE (conglomerado);491.47;2520038;2025;4;Q4/25;20254
PLUXEE IP (conglomerado);0.0;1215161;2025;4;Q4/25;20254
PORTO SEGURO (conglomerado);139.2;3393757;2025;4;Q4/25;20254
PROTOTYPE IP (conglomerado);176253.14;720;2025;4;Q4/25;20254
PROVER PROMOCAO DE VENDAS IP (conglomerado);0.0;180;2025;4;Q4/25;20254
QISTA S.A. CFI (conglomerado);0.0;115237;2025;4;Q4/25;20254
QUERO-QUERO VERDECARD IP (conglomerado);0.0;706218;2025;4;Q4/25;20254
RANDON (conglomerado);0.0;10073;2025;4;Q4/25;20254
REALIZE SCFI (conglomerado);13.23;6637188;2025;4;Q4/25;20254
RECARGAPAY IP (conglomerado);17.55;13274725;2025;4;Q4/25;20254
RENDIMENTO (conglomerado);0.0;331145;2025;4;Q4/25;20254
RODOBENS (conglomerado);0.0;27893;2025;4;Q4/25;20254
RPW S/A SCFI (conglomerado);0.0;7;2025;4;Q4/25;20254
SAFRA (conglomerado);132.05;4285588;2025;4;Q4/25;20254
SANTANDER (conglomerado);27.29;70689072;2025;4;Q4/25;20254
SANTINVEST (conglomerado);0.0;11733;2025;4;Q4/25;20254
SEM PARAR IP (conglomerado);0.0;1976659;2025;4;Q4/25;20254
SENFFNET IP (conglomerado);144.89;796028;2025;4;Q4/25;20254
SHPP BRASIL IP (conglomerado);10.09;8591219;2025;4;Q4/25;20254
SIMPALA CFI (conglomerado);0.0;51;2025;4;Q4/25;20254
SOCINAL S.A. CFI (conglomerado);0.0;3598;2025;4;Q4/25;20254
SOFISA (conglomerado);153.41;1473747;2025;4;Q4/25;20254
SOLFÁCIL SOCIEDADE DE CRÉDITO, FINANCIAMENTO E INVESTIMENTO S.A.;0.0;149;2025;4;Q4/25;20254
STARK SCD (conglomerado);0.0;1885;2025;4;Q4/25;20254
STELLANTIS (conglomerado);0.0;273301;2025;4;Q4/25;20254
STONE IP (conglomerado);19.06;14153075;2025;4;Q4/25;20254
SUMUP IP (conglomerado);0.0;130;2025;4;Q4/25;20254
SUPERBID PAY IP (conglomerado);0.0;440002;2025;4;Q4/25;20254
SWAP IP (conglomerado);0.0;2800523;2025;4;Q4/25;20254
SWILE IP (conglomerado);0.0;1624;2025;4;Q4/25;20254
TODESCREDI S/A - CFI (conglomerado);0.0;48196;2025;4;Q4/25;20254
TRANSFEERA IP (conglomerado);0.0;2664;2025;4;Q4/25;20254
TRANSFERO IP (conglomerado);0.0;11;2025;4;Q4/25;20254
TRIO IP (conglomerado);0.0;236;2025;4;Q4/25;20254
TYCOON TECHNOLOGY IP (conglomerado);0.0;2266;2025;4;Q4/25;20254
UBS (BRASIL) (conglomerado);0.0;4801;2025;4;Q4/25;20254
V3 IP (conglomerado);0.0;43672;2025;4;Q4/25;20254
VALOR CFI (conglomerado);0.0;39566;2025;4;Q4/25;20254
VIA CERTA CFI (conglomerado);0.0;266039;2025;4;Q4/25;20254
VISA CONECTA IP (conglomerado);0.0;0;2025;4;Q4/25;20254
VOLKSWAGEN (conglomerado);212.63;626072;2025;4;Q4/25;20254
VOLVO (conglomerado);0.0;9318;2025;4;Q4/25;20254
VOTORANTIM (conglomerado);59.55;9466914;2025;4;Q4/25;20254
VOX IP (conglomerado);0.0;357966;2025;4;Q4/25;20254
VR (conglomerado);0.0;39027;2025;4;Q4/25;20254
WILL FINANCEIRA S.A. CRÉDITO, FINANCIAMENTO E INVESTIMENTO;111.77;13097594;2025;4;Q4/25;20254
WISE BRASIL CC (conglomerado);0.0;4544271;2025;4;Q4/25;20254
WOOVI IP (conglomerado);0.0;2851;2025;4;Q4/25;20254
XP (conglomerado);33.89;6963052;2025;4;Q4/25;20254
YAMAHA MOTOR (conglomerado);0.0;268428;2025;4;Q4/25;20254
Z1 INSTITUIÇÃO DE PAGAMENTO (conglomerado);0.0;8;2025;4;Q4/25;20254
ZEMA CFI (conglomerado);0.0;334814;2025;4;Q4/25;20254
ZERO IP (conglomerado);0.0;60240;2025;4;Q4/25;20254
99PAY IP (conglomerado);9.51;155310;2026;1;Q1/26;20261
ABC-BRASIL (conglomerado);0.0;18181;2026;1;Q1/26;20261
ACG IP (conglomerado);0.0;3333;2026;1;Q1/26;20261
ADYEN DO BRASIL IP (conglomerado);0.0;10714;2026;1;Q1/26;20261
AGIBANK (conglomerado);218.64;168816;2026;1;Q1/26;20261
AGORACRED S/A SCFI (conglomerado);0.0;7843;2026;1;Q1/26;20261
AL5 S.A. SCFI (conglomerado);0.0;0;2026;1;Q1/26;20261
ANDBANK (conglomerado);0.0;9836;2026;1;Q1/26;20261
ASAAS GESTAO FINANCEIRA IP (conglomerado);69.7-0;86083;2026;1;Q1/26;20261
ASAAS GESTAO FINANCEIRA IP (conglomerado);69.7;86083;2026;1;Q1/26;20261
ASTRO IP (conglomerado);836.13;52623;2026;1;Q1/26;20261
AVANCARD PROVER IP (conglomerado);0.0;22222;2026;1;Q1/26;20261
BANCO AFINZ BM (conglomerado);150.5;657807;2026;1;Q1/26;20261
BANCO B3 (conglomerado);0.0;0;2026;1;Q1/26;20261
BANCO BARI DE INVESTIMENTO E FINANCI. (conglomerado);519.74;71189;2026;1;Q1/26;20261
BANCO C6 (conglomerado);55.3;34321881;2026;1;Q1/26;20261
BANCO CNH INDUSTRIAL CAPITAL S.A (conglomerado);0.0;0;2026;1;Q1/26;20261
BANCO DIGIMAIS (conglomerado);1600.0;103750;2026;1;Q1/26;20261
BANCO HSBC (conglomerado);0.0;0;2026;1;Q1/26;20261
BANCO PAULISTA (conglomerado);0.0;45454;2026;1;Q1/26;20261
BANCO PLENO (conglomerado);0.0;0;2026;1;Q1/26;20261
BANCO RIBEIRÃO PRETO (conglomerado);27777.78;5400;2026;1;Q1/26;20261
BANCO SEMEAR (conglomerado);0.0;222222;2026;1;Q1/26;20261
BANCO SICOOB (conglomerado);0.0;7083049;2026;1;Q1/26;20261
BANCO TOPÁZIO S.A. (conglomerado);0.0;11210;2026;1;Q1/26;20261
BANCO TRATON BRASIL S.A. (conglomerado);0.0;0;2026;1;Q1/26;20261
BANCO XCMG BRASIL S.A.;0.0;0;2026;1;Q1/26;20261
BANESTES (conglomerado);70.18;1396410;2026;1;Q1/26;20261
BANK OF AMERICA MERRILL LYNCH BANCO MÚLTIPLO S.A.;0.0;0;2026;1;Q1/26;20261
BANK OF CHINA (BRASIL) (conglomerado);0.0;107526;2026;1;Q1/26;20261
BANQI IP (conglomerado);0.0;4277778;2026;1;Q1/26;20261
BANRISUL (conglomerado);28.1;5693950;2026;1;Q1/26;20261
BB (conglomerado);16.63;82140709;2026;1;Q1/26;20261
BBC S.A. (conglomerado);0.0;0;2026;1;Q1/26;20261
BCO ABN AMRO CLEARING (conglomerado);0.0;0;2026;1;Q1/26;20261
BCO ARBI S.A. (conglomerado);0.0;714286;2026;1;Q1/26;20261
BCO CEDULA S.A. (conglomerado);0.0;0;2026;1;Q1/26;20261
BCO COOPERATIVO SICREDI (conglomerado);0.0;10531862;2026;1;Q1/26;20261
BCO CSF S.A. (conglomerado);21.84;9981685;2026;1;Q1/26;20261
BCO DA AMAZONIA S.A. (conglomerado);0.0;731959;2026;1;Q1/26;20261
BCO DAYCOVAL S.A (conglomerado);35.81;2569115;2026;1;Q1/26;20261
BCO DO EST. DE SE S.A. (conglomerado);57.14;1050000;2026;1;Q1/26;20261
BCO DO EST. DO PA S.A. (conglomerado);109.84;1220047;2026;1;Q1/26;20261
BCO DO NORDESTE DO BRASIL S.A. (conglomerado);0.0;11155914;2026;1;Q1/26;20261
BCO FIBRA S.A. (conglomerado);0.0;159091;2026;1;Q1/26;20261
BCO INBURSA S.A. (conglomerado);134.45;818182;2026;1;Q1/26;20261
BCO KDB BRASIL S.A. (conglomerado);0.0;0;2026;1;Q1/26;20261
BCO TOYOTA DO BRASIL S.A. (conglomerado);0.0;149533;2026;1;Q1/26;20261
BCO TRIANGULO S.A. (conglomerado);0.0;1437500;2026;1;Q1/26;20261
BK IP (conglomerado);0.0;208333;2026;1;Q1/26;20261
BMG (conglomerado);71.39;9665219;2026;1;Q1/26;20261
BMW (conglomerado);0.0;62500;2026;1;Q1/26;20261
BNP PARIBAS (conglomerado);0.0;445545;2026;1;Q1/26;20261
BRADESCO (conglomerado);48.92;110343418;2026;1;Q1/26;20261
BRB (conglomerado);182.26;9475475;2026;1;Q1/26;20261
BS2 (conglomerado);138.3;361533;2026;1;Q1/26;20261
BTG PACTUAL/BANCO PAN (conglomerado);42.81;27400140;2026;1;Q1/26;20261
BULLLA IP (conglomerado);82.35;714286;2026;1;Q1/26;20261
CAIXA ECONÔMICA FEDERAL (conglomerado);23.12;158261246;2026;1;Q1/26;20261
CAIXA GERAL (conglomerado);0.0;0;2026;1;Q1/26;20261
CALCARD IP (conglomerado);0.0;981481;2026;1;Q1/26;20261
CELCOIN IP (conglomerado);22.68;9700176;2026;1;Q1/26;20261
CIELO IP (conglomerado);0.0;1643617;2026;1;Q1/26;20261
CITIBANK (conglomerado);0.0;17544;2026;1;Q1/26;20261
CLARA IP (conglomerado);0.0;22917;2026;1;Q1/26;20261
CLARO PAY IP (conglomerado);0.0;1160277;2026;1;Q1/26;20261
CLOUDWALK IP (conglomerado);5.42;15313653;2026;1;Q1/26;20261
COBUCCIO SCFI (conglomerado);291.56;3704212;2026;1;Q1/26;20261
CONTAAZUL IP (conglomerado);0.0;28125;2026;1;Q1/26;20261
COOPER CARD IP (conglomerado);0.0;53571;2026;1;Q1/26;20261
CORA SCFI (conglomerado);0.0;2539130;2026;1;Q1/26;20261
CREDI SHOP S.A. (conglomerado);0.0;666667;2026;1;Q1/26;20261
CREDIARE CFI (conglomerado);0.0;230000;2026;1;Q1/26;20261
CREDSYSTEM IP (conglomerado);33.74;3719621;2026;1;Q1/26;20261
CREFISA S.A. CFI (conglomerado);118.06;8137388;2026;1;Q1/26;20261
DLOCAL BRASIL INSTITUIÇÃO DE PAGAMENTO - PRUDENCIA (conglomerado);0.0;197727;2026;1;Q1/26;20261
DM SCFI (conglomerado);79.44;4160373;2026;1;Q1/26;20261
DOCK IP (conglomerado);10.98;4408015;2026;1;Q1/26;20261
EAGLE SCD (conglomerado);0.0;1923;2026;1;Q1/26;20261
EBANX IP (conglomerado);22.61;2697921;2026;1;Q1/26;20261
EDENRED SOLUCOES E IP AHA (conglomerado);0.0;785714;2026;1;Q1/26;20261
EFI S.A. IP (conglomerado);106.88;681138;2026;1;Q1/26;20261
EMPRESA BRASILEIRA DE BENEFICIOS E PAGAMENTOS IP - (conglomerado);0.0;986207;2026;1;Q1/26;20261
FACTA S.A. CFI (conglomerado);2110.15;1444444;2026;1;Q1/26;20261
FINAMAX S.A. CFI (conglomerado);0.0;30556;2026;1;Q1/26;20261
FITBANK IP (conglomerado);0.0;219231;2026;1;Q1/26;20261
FLAGSHIP IP (conglomerado);0.0;109091;2026;1;Q1/26;20261
FLASH TECNOLOGIA IP (conglomerado);0.0;456522;2026;1;Q1/26;20261
FORIS GFS BR IP (conglomerado);0.0;341463;2026;1;Q1/26;20261
GAZINCRED SCFI (conglomerado);0.0;148649;2026;1;Q1/26;20261
GENIAL (conglomerado);19.78;2366052;2026;1;Q1/26;20261
GM (conglomerado);0.0;281250;2026;1;Q1/26;20261
GOLCRED (conglomerado);0.0;43750;2026;1;Q1/26;20261
GOOGLE PAY BRASIL IP (conglomerado);0.0;0;2026;1;Q1/26;20261
HONDA (conglomerado);0.0;130;2026;1;Q1/26;20261
HS FINANCEIRA (conglomerado);0.0;233333;2026;1;Q1/26;20261
IFOOD PAGO IP (conglomerado);0.0;961039;2026;1;Q1/26;20261
INDUSTRIAL DO BRASIL (conglomerado);0.0;92105;2026;1;Q1/26;20261
INOVANTI IP (conglomerado);0.0;2727;2026;1;Q1/26;20261
INTER (conglomerado);34.86;43201377;2026;1;Q1/26;20261
ITAU (conglomerado);34.12;100879250;2026;1;Q1/26;20261
IUGU IP (conglomerado);0.0;287500;2026;1;Q1/26;20261
JBCRED S.A. SCFI (conglomerado);0.0;62500;2026;1;Q1/26;20261
JP MORGAN CHASE (conglomerado);0.0;0;2026;1;Q1/26;20261
KANASTRA FINANCEIRA S.A, CREDITO, FINANCIAMENTO E INVESTIMENTO;0.0;227;2026;1;Q1/26;20261
KREDILIG S.A. - CFI (conglomerado);0.0;434783;2026;1;Q1/26;20261
LEBES FINANCEIRA SCFI (conglomerado);0.0;404762;2026;1;Q1/26;20261
LECCA (conglomerado);0.0;29545;2026;1;Q1/26;20261
MAGALUPAY IP (conglomerado);0.0;3627119;2026;1;Q1/26;20261
MAX IP (conglomerado);0.0;0;2026;1;Q1/26;20261
MERCADO BITCOIN IP (conglomerado);0.0;32500;2026;1;Q1/26;20261
MERCADO PAGO IP (conglomerado);34.4;70901163;2026;1;Q1/26;20261
MERCANTIL DO BRASIL (conglomerado);216.73;8831325;2026;1;Q1/26;20261
MÊNTORE IP (conglomerado);205.8;1209913;2026;1;Q1/26;20261
MIDWAY S.A. - SCFI (conglomerado);0.0;9333333;2026;1;Q1/26;20261
MT INSTITUICAO DE PAGAMENTO SA;0.0;61;2026;1;Q1/26;20261
NAIP IP (conglomerado);0.0;1937500;2026;1;Q1/26;20261
NEGRESCO S.A. - CFI (conglomerado);0.0;568182;2026;1;Q1/26;20261
NEON PAGAMENTOS IP (conglomerado);36.54;26546251;2026;1;Q1/26;20261
NG CASH IP (conglomerado);13.91;3666667;2026;1;Q1/26;20261
NOVO BCO CONTINENTAL S.A. - BM (conglomerado);55.56;1178571;2026;1;Q1/26;20261
NU PAGAMENTOS (conglomerado);10.65;114835681;2026;1;Q1/26;20261
NVIO BRASIL BITSO IP (conglomerado);0.0;1346154;2026;1;Q1/26;20261
OKTO IP (conglomerado);0.0;37;2026;1;Q1/26;20261
OMNI (conglomerado);0.0;1977778;2026;1;Q1/26;20261
ONEKEY PAYMENTS IP (conglomerado);0.0;149;2026;1;Q1/26;20261
ORIGINAL (conglomerado);68.99;1290000;2026;1;Q1/26;20261
OURIBANK (conglomerado);0.0;1538462;2026;1;Q1/26;20261
PAGBRASIL TECNOLOGIA IP (conglomerado);0.0;1;2026;1;Q1/26;20261
PAGCERTO IP (conglomerado);0.0;86111;2026;1;Q1/26;20261
PAGHIPER INSTITUIÇAO DE PAGAMENTO LTDA.;0.0;5;2026;1;Q1/26;20261
PAGME INSTITUIÇÃO DE PAGAMENTO LTDA.;0.0;9038;2026;1;Q1/26;20261
PAGSEGURO (conglomerado);31.06;34771409;2026;1;Q1/26;20261
PAGSMILE IP (conglomerado);0.0;0;2026;1;Q1/26;20261
PAGUEVELOZ IP (conglomerado);0.0;4819277;2026;1;Q1/26;20261
PARANÁ BANCO (conglomerado);39.26;2470707;2026;1;Q1/26;20261
PARATI CFI (conglomerado);35000.0;10417;2026;1;Q1/26;20261
PAY2ALL IP (conglomerado);0.0;13;2026;1;Q1/26;20261
PAY4FUN IP S.A. (conglomerado);0.0;31;2026;1;Q1/26;20261
PAYPAL DO BRASIL IP (conglomerado);0.0;238095;2026;1;Q1/26;20261
PEFISA S.A. (conglomerado);71.39;5086147;2026;1;Q1/26;20261
PICPAY (conglomerado);37.22;68860828;2026;1;Q1/26;20261
PINBANK BRASIL IP (conglomerado);0.0;28125;2026;1;Q1/26;20261
PINE (conglomerado);421.36;2563129;2026;1;Q1/26;20261
PLUXEE IP (conglomerado);0.0;1233871;2026;1;Q1/26;20261
PORTO SEGURO (conglomerado);133.04;3472565;2026;1;Q1/26;20261
PROTOTYPE IP (conglomerado);157142.86;733;2026;1;Q1/26;20261
PROVER PROMOCAO DE VENDAS IP (conglomerado);0.0;183;2026;1;Q1/26;20261
QISTA S.A. CFI (conglomerado);0.0;116667;2026;1;Q1/26;20261
QUERO-QUERO VERDECARD IP (conglomerado);0.0;722222;2026;1;Q1/26;20261
RANDON (conglomerado);0.0;10227;2026;1;Q1/26;20261
REALIZE SCFI (conglomerado);12.82;6817473;2026;1;Q1/26;20261
RECARGAPAY IP (conglomerado);15.39;13775182;2026;1;Q1/26;20261
RENDIMENTO (conglomerado);0.0;336449;2026;1;Q1/26;20261
RODOBENS (conglomerado);0.0;28409;2026;1;Q1/26;20261
RPW S/A SCFI (conglomerado);0.0;7;2026;1;Q1/26;20261
SAFRA (conglomerado);127.32;4366950;2026;1;Q1/26;20261
SANTANDER (conglomerado);34.49;71643955;2026;1;Q1/26;20261
SANTINVEST (conglomerado);0.0;11905;2026;1;Q1/26;20261
SEM PARAR IP (conglomerado);0.0;2012821;2026;1;Q1/26;20261
SENFFNET IP (conglomerado);135.21;809524;2026;1;Q1/26;20261
SHPP BRASIL IP (conglomerado);8.54;8828911;2026;1;Q1/26;20261
SIMPALA CFI (conglomerado);0.0;52;2026;1;Q1/26;20261
SOCINAL S.A. CFI (conglomerado);0.0;3654;2026;1;Q1/26;20261
SOFISA (conglomerado);137.45;1498727;2026;1;Q1/26;20261
SOLFÁCIL SOCIEDADE DE CRÉDITO, FINANCIAMENTO E INVESTIMENTO S.A.;0.0;152;2026;1;Q1/26;20261
STARK SCD (conglomerado);0.0;1923;2026;1;Q1/26;20261
STELLANTIS (conglomerado);0.0;278788;2026;1;Q1/26;20261
STONE IP (conglomerado);17.65;14424930;2026;1;Q1/26;20261
SUMUP IP (conglomerado);0.0;132;2026;1;Q1/26;20261
SUPERBID PAY IP (conglomerado);0.0;447368;2026;1;Q1/26;20261
SWAP IP (conglomerado);0.0;2857143;2026;1;Q1/26;20261
SWILE IP (conglomerado);0.0;1654;2026;1;Q1/26;20261
TODESCREDI S/A - CFI (conglomerado);0.0;49107;2026;1;Q1/26;20261
TRANSFEERA IP (conglomerado);0.0;2717;2026;1;Q1/26;20261
TRANSFERO IP (conglomerado);0.0;11;2026;1;Q1/26;20261
TRIO IP (conglomerado);0.0;241;2026;1;Q1/26;20261
TYCOON TECHNOLOGY IP (conglomerado);0.0;2308;2026;1;Q1/26;20261
UBS (BRASIL) (conglomerado);0.0;4898;2026;1;Q1/26;20261
V3 IP (conglomerado);0.0;44505;2026;1;Q1/26;20261
VALOR CFI (conglomerado);0.0;40323;2026;1;Q1/26;20261
VIA CERTA CFI (conglomerado);0.0;271212;2026;1;Q1/26;20261
VISA CONECTA IP (conglomerado);0.0;0;2026;1;Q1/26;20261
VOLKSWAGEN (conglomerado);204.08;637500;2026;1;Q1/26;20261
VOLVO (conglomerado);0.0;9494;2026;1;Q1/26;20261
VOTORANTIM (conglomerado);57.38;9585221;2026;1;Q1/26;20261
VOX IP (conglomerado);0.0;364583;2026;1;Q1/26;20261
VR (conglomerado);0.0;39773;2026;1;Q1/26;20261
WILL FINANCEIRA S.A. CRÉDITO, FINANCIAMENTO E INVESTIMENTO;106.67;13499484;2026;1;Q1/26;20261
WISE BRASIL CC (conglomerado);0.0;4631579;2026;1;Q1/26;20261
WOOVI IP (conglomerado);0.0;2903;2026;1;Q1/26;20261
XP (conglomerado);32.32;7085396;2026;1;Q1/26;20261
YAMAHA MOTOR (conglomerado);0.0;273438;2026;1;Q1/26;20261
Z1 INSTITUIÇÃO DE PAGAMENTO (conglomerado);0.0;8;2026;1;Q1/26;20261
ZEMA CFI (conglomerado);0.0;341379;2026;1;Q1/26;20261
ZERO IP (conglomerado);0.0;61364;2026;1;Q1/26;20261
99PAY IP (conglomerado);6.01;2828619;2026;2;Q2/26;20262
ABC-BRASIL (conglomerado);0.0;16667;2026;2;Q2/26;20262
ACG IP (conglomerado);0.0;10000;2026;2;Q2/26;20262
ADYEN DO BRASIL IP (conglomerado);0.0;11250;2026;2;Q2/26;20262
AFINZ IP (conglomerado);63.49;630000;2026;2;Q2/26;20262
AGIBANK (conglomerado);1073.33;4471922;2026;2;Q2/26;20262
AGORACRED S/A SCFI (conglomerado);0.0;7353;2026;2;Q2/26;20262
AL5 S.A. SCFI (conglomerado);0.0;0;2026;2;Q2/26;20262
ALELO IP (conglomerado);0.0;1925926;2026;2;Q2/26;20262
AME DIGITAL BRASIL IP (conglomerado);0.0;15152;2026;2;Q2/26;20262
ANDBANK (conglomerado);0.0;9615;2026;2;Q2/26;20262
ASAAS GESTAO FINANCEIRA IP (conglomerado);64.71;880851;2026;2;Q2/26;20262
ASTRO IP (conglomerado);794.74;475000;2026;2;Q2/26;20262
AVANCARD PROVER IP (conglomerado);0.0;20000;2026;2;Q2/26;20262
BANCO AFINZ BM (conglomerado);150.0;684000;2026;2;Q2/26;20262
BANCO B3 (conglomerado);0.0;0;2026;2;Q2/26;20262
BANCO BARI DE INVESTIMENTO E FINANCI. (conglomerado);350.0;114286;2026;2;Q2/26;20262
BANCO C6 (conglomerado);59.77;35184875;2026;2;Q2/26;20262
BANCO CNH INDUSTRIAL CAPITAL S.A (conglomerado);0.0;0;2026;2;Q2/26;20262
BANCO DIGIMAIS (conglomerado);1600.0;110000;2026;2;Q2/26;20262
BANCO HSBC (conglomerado);0.0;0;2026;2;Q2/26;20262
BANCO PAULISTA (conglomerado);0.0;41667;2026;2;Q2/26;20262
BANCO PLENO (conglomerado);0.0;0;2026;2;Q2/26;20262
BANCO RIBEIRÃO PRETO (conglomerado);0.0;5208;2026;2;Q2/26;20262
BANCO SEMEAR (conglomerado);0.0;206897;2026;2;Q2/26;20262
BANCO SICOOB (conglomerado);0.0;7304192;2026;2;Q2/26;20262
BANCO TOPÁZIO S.A. (conglomerado);0.0;11029;2026;2;Q2/26;20262
BANCO TRATON BRASIL S.A. (conglomerado);0.0;0;2026;2;Q2/26;20262
BANCO TRAVELEX S.A.;0.0;0;2026;2;Q2/26;20262
BANCO XCMG BRASIL S.A.;0.0;0;2026;2;Q2/26;20262
BANESTES (conglomerado);53.76;1555060;2026;2;Q2/26;20262
BANK OF AMERICA MERRILL LYNCH BANCO MÚLTIPLO S.A.;0.0;0;2026;2;Q2/26;20262
BANK OF CHINA (BRASIL) (conglomerado);0.0;111111;2026;2;Q2/26;20262
BANQI IP (conglomerado);0.0;4423077;2026;2;Q2/26;20262
BANRISUL (conglomerado);29.74;5757902;2026;2;Q2/26;20262
BB (conglomerado);17.58;81410694;2026;2;Q2/26;20262
BBC S.A. (conglomerado);0.0;0;2026;2;Q2/26;20262
BCO ABN AMRO CLEARING (conglomerado);0.0;0;2026;2;Q2/26;20262
BCO ARBI S.A. (conglomerado);0.0;681818;2026;2;Q2/26;20262
BCO CEDULA S.A. (conglomerado);0.0;0;2026;2;Q2/26;20262
BCO COOPERATIVO SICREDI (conglomerado);0.0;10757303;2026;2;Q2/26;20262
BCO CSF S.A. (conglomerado);23.32;9742710;2026;2;Q2/26;20262
BCO DA AMAZONIA S.A. (conglomerado);0.0;746667;2026;2;Q2/26;20262
BCO DAYCOVAL S.A (conglomerado);35.32;2619762;2026;2;Q2/26;20262
BCO DO EST. DE SE S.A. (conglomerado);60.0;1050000;2026;2;Q2/26;20262
BCO DO EST. DO PA S.A. (conglomerado);129.87;1155001;2026;2;Q2/26;20262
BCO DO NORDESTE DO BRASIL S.A. (conglomerado);0.0;11325301;2026;2;Q2/26;20262
BCO FIBRA S.A. (conglomerado);0.0;153846;2026;2;Q2/26;20262
BCO INBURSA S.A. (conglomerado);134.55;817568;2026;2;Q2/26;20262
BCO KDB BRASIL S.A. (conglomerado);0.0;0;2026;2;Q2/26;20262
BCO TOYOTA DO BRASIL S.A. (conglomerado);0.0;144231;2026;2;Q2/26;20262
BCO TRIANGULO S.A. (conglomerado);0.0;1388889;2026;2;Q2/26;20262
BK IP (conglomerado);0.0;200000;2026;2;Q2/26;20262
BMG (conglomerado);75.25;9475084;2026;2;Q2/26;20262
BMW (conglomerado);0.0;60000;2026;2;Q2/26;20262
BNP PARIBAS (conglomerado);0.0;431034;2026;2;Q2/26;20262
BRADESCO (conglomerado);84.9;110424028;2026;2;Q2/26;20262
BRB (conglomerado);162.77;9584076;2026;2;Q2/26;20262
BS2 (conglomerado);132.84;372629;2026;2;Q2/26;20262
BTG PACTUAL/BANCO PAN (conglomerado);41.98;27822773;2026;2;Q2/26;20262
BULLLA IP (conglomerado);70.83;800000;2026;2;Q2/26;20262
CAIXA ECONÔMICA FEDERAL (conglomerado);23.32;160248714;2026;2;Q2/26;20262
CAIXA GERAL (conglomerado);0.0;0;2026;2;Q2/26;20262
CALCARD IP (conglomerado);0.0;944444;2026;2;Q2/26;20262
CELCOIN IP (conglomerado);20.94;10076409;2026;2;Q2/26;20262
CIELO IP (conglomerado);0.0;1678571;2026;2;Q2/26;20262
CITIBANK (conglomerado);0.0;17045;2026;2;Q2/26;20262
CLARA IP (conglomerado);0.0;22222;2026;2;Q2/26;20262
CLARO PAY IP (conglomerado);0.0;1137931;2026;2;Q2/26;20262
CLOUDWALK IP (conglomerado);4.72;16313559;2026;2;Q2/26;20262
COBUCCIO SCFI (conglomerado);260.61;3990637;2026;2;Q2/26;20262
CONTAAZUL IP (conglomerado);0.0;27083;2026;2;Q2/26;20262
COOPER CARD IP (conglomerado);0.0;51724;2026;2;Q2/26;20262
CORA SCFI (conglomerado);0.0;2500000;2026;2;Q2/26;20262
CREDI SHOP S.A. (conglomerado);0.0;642857;2026;2;Q2/26;20262
CREDIARE CFI (conglomerado);0.0;222222;2026;2;Q2/26;20262
CREDSYSTEM IP (conglomerado);28.18;4088006;2026;2;Q2/26;20262
CREFISA S.A. CFI (conglomerado);108.3;8162512;2026;2;Q2/26;20262
DLOCAL BRASIL INSTITUIÇÃO DE PAGAMENTO - PRUDENCIA (conglomerado);0.0;190476;2026;2;Q2/26;20262
DM SCFI (conglomerado);69.36;4656863;2026;2;Q2/26;20262
DOCK IP (conglomerado);10.37;4455169;2026;2;Q2/26;20262
EAGLE SCD (conglomerado);0.0;1852;2026;2;Q2/26;20262
EBANX IP (conglomerado);17.78;3177778;2026;2;Q2/26;20262
EDENRED SOLUCOES E IP AHA (conglomerado);0.0;756757;2026;2;Q2/26;20262
EFI S.A. IP (conglomerado);103.55;686624;2026;2;Q2/26;20262
EMPRESA BRASILEIRA DE BENEFICIOS E PAGAMENTOS IP - (conglomerado);0.0;925926;2026;2;Q2/26;20262
FACTA S.A. CFI (conglomerado);1834.45;1523810;2026;2;Q2/26;20262
FINAMAX S.A. CFI (conglomerado);0.0;29412;2026;2;Q2/26;20262
FITBANK IP (conglomerado);0.0;211538;2026;2;Q2/26;20262
FLAGSHIP IP (conglomerado);0.0;105263;2026;2;Q2/26;20262
FLASH TECNOLOGIA IP (conglomerado);0.0;440000;2026;2;Q2/26;20262
FORIS GFS BR IP (conglomerado);0.0;329268;2026;2;Q2/26;20262
GAZINCRED SCFI (conglomerado);0.0;142857;2026;2;Q2/26;20262
GENIAL (conglomerado);17.84;2539238;2026;2;Q2/26;20262
GM (conglomerado);0.0;270833;2026;2;Q2/26;20262
GOLCRED (conglomerado);0.0;42188;2026;2;Q2/26;20262
GOOGLE PAY BRASIL IP (conglomerado);0.0;0;2026;2;Q2/26;20262
HONDA (conglomerado);0.0;125;2026;2;Q2/26;20262
HS FINANCEIRA (conglomerado);0.0;225000;2026;2;Q2/26;20262
IFOOD PAGO IP (conglomerado);0.0;926829;2026;2;Q2/26;20262
INDUSTRIAL DO BRASIL (conglomerado);0.0;88889;2026;2;Q2/26;20262
INOVANTI IP (conglomerado);0.0;2632;2026;2;Q2/26;20262
INTER (conglomerado);26.15;44474187;2026;2;Q2/26;20262
ITAU (conglomerado);46.87;98058460;2026;2;Q2/26;20262
IUGU IP (conglomerado);0.0;277778;2026;2;Q2/26;20262
JBCRED S.A. SCFI (conglomerado);0.0;60000;2026;2;Q2/26;20262
JP MORGAN CHASE (conglomerado);0.0;0;2026;2;Q2/26;20262
KANASTRA FINANCEIRA S.A, CREDITO, FINANCIAMENTO E INVESTIMENTO;0.0;219;2026;2;Q2/26;20262
KREDILIG S.A. - CFI (conglomerado);0.0;418605;2026;2;Q2/26;20262
LEBES FINANCEIRA SCFI (conglomerado);0.0;390244;2026;2;Q2/26;20262
LECCA (conglomerado);0.0;28571;2026;2;Q2/26;20262
MAGALUPAY IP (conglomerado);0.0;3491525;2026;2;Q2/26;20262
MAX IP (conglomerado);0.0;0;2026;2;Q2/26;20262
MERCADO BITCOIN IP (conglomerado);0.0;31250;2026;2;Q2/26;20262
MERCADO PAGO IP (conglomerado);31.57;74472601;2026;2;Q2/26;20262
MERCANTIL DO BRASIL (conglomerado);211.23;8985471;2026;2;Q2/26;20262
MÊNTORE IP (conglomerado);182.26;1327772;2026;2;Q2/26;20262
MIDWAY S.A. - SCFI (conglomerado);0.0;9000000;2026;2;Q2/26;20262
MT INSTITUICAO DE PAGAMENTO SA;0.0;59;2026;2;Q2/26;20262
NAIP IP (conglomerado);0.0;1865385;2026;2;Q2/26;20262
NEGRESCO S.A. - CFI (conglomerado);0.0;547619;2026;2;Q2/26;20262
NEON PAGAMENTOS IP (conglomerado);33.74;27356284;2026;2;Q2/26;20262
NG CASH IP (conglomerado);12.83;3819149;2026;2;Q2/26;20262
NOVO BCO CONTINENTAL S.A. - BM (conglomerado);49.12;1140000;2026;2;Q2/26;20262
NU PAGAMENTOS (conglomerado);9.2;117391304;2026;2;Q2/26;20262
NVIO BRASIL BITSO IP (conglomerado);0.0;1296296;2026;2;Q2/26;20262
OKTO IP (conglomerado);0.0;36;2026;2;Q2/26;20262
OMNI (conglomerado);0.0;1902439;2026;2;Q2/26;20262
ONEKEY PAYMENTS IP (conglomerado);0.0;143;2026;2;Q2/26;20262
ORIGINAL (conglomerado);63.89;1242188;2026;2;Q2/26;20262
OURIBANK (conglomerado);0.0;1481481;2026;2;Q2/26;20262
PAGBRASIL TECNOLOGIA IP (conglomerado);0.0;1;2026;2;Q2/26;20262
PAGCERTO IP (conglomerado);0.0;82895;2026;2;Q2/26;20262
PAGHIPER INSTITUIÇAO DE PAGAMENTO LTDA.;0.0;5;2026;2;Q2/26;20262
PAGME INSTITUIÇÃO DE PAGAMENTO LTDA.;0.0;8696;2026;2;Q2/26;20262
PAGSEGURO (conglomerado);28.98;35852312;2026;2;Q2/26;20262
PAGSMILE IP (conglomerado);0.0;0;2026;2;Q2/26;20262
PAGUEVELOZ IP (conglomerado);0.0;4642857;2026;2;Q2/26;20262
PARANÁ BANCO (conglomerado);40.91;2444444;2026;2;Q2/26;20262
PARATI CFI (conglomerado);33000.0;10000;2026;2;Q2/26;20262
PAY2ALL IP (conglomerado);0.0;13;2026;2;Q2/26;20262
PAY4FUN IP S.A. (conglomerado);0.0;30;2026;2;Q2/26;20262
PAYPAL DO BRASIL IP (conglomerado);0.0;229167;2026;2;Q2/26;20262
PEFISA S.A. (conglomerado);71.39;4902647;2026;2;Q2/26;20262
PICPAY (conglomerado);35.66;70611329;2026;2;Q2/26;20262
PINBANK BRASIL IP (conglomerado);0.0;27083;2026;2;Q2/26;20262
PINE (conglomerado);471.21;2508436;2026;2;Q2/26;20262
PLUXEE IP (conglomerado);0.0;1187500;2026;2;Q2/26;20262
PORTO SEGURO (conglomerado);130.65;3520932;2026;2;Q2/26;20262
PROTOTYPE IP (conglomerado);150000.0;714;2026;2;Q2/26;20262
PROVER PROMOCAO DE VENDAS IP (conglomerado);0.0;176;2026;2;Q2/26;20262
QISTA S.A. CFI (conglomerado);0.0;112500;2026;2;Q2/26;20262
QUERO-QUERO VERDECARD IP (conglomerado);0.0;695652;2026;2;Q2/26;20262
RANDON (conglomerado);0.0;9868;2026;2;Q2/26;20262
REALIZE SCFI (conglomerado);11.75;7097872;2026;2;Q2/26;20262
RECARGAPAY IP (conglomerado);14.2;14154930;2026;2;Q2/26;20262
RENDIMENTO (conglomerado);0.0;323529;2026;2;Q2/26;20262
RODOBENS (conglomerado);0.0;27344;2026;2;Q2/26;20262
RPW S/A SCFI (conglomerado);0.0;7;2026;2;Q2/26;20262
SAFRA (conglomerado);120.47;4515647;2026;2;Q2/26;20262
SANTANDER (conglomerado);34.19;72301843;2026;2;Q2/26;20262
SANTINVEST (conglomerado);0.0;11458;2026;2;Q2/26;20262
SEM PARAR IP (conglomerado);0.0;1936620;2026;2;Q2/26;20262
SENFFNET IP (conglomerado);126.32;783784;2026;2;Q2/26;20262
SHPP BRASIL IP (conglomerado);7.98;9273183;2026;2;Q2/26;20262
SIMPALA CFI (conglomerado);0.0;50;2026;2;Q2/26;20262
SOCINAL S.A. CFI (conglomerado);0.0;3514;2026;2;Q2/26;20262
SOFISA (conglomerado);131.25;1459040;2026;2;Q2/26;20262
SOLFÁCIL SOCIEDADE DE CRÉDITO, FINANCIAMENTO E INVESTIMENTO S.A.;0.0;147;2026;2;Q2/26;20262
STARK SCD (conglomerado);0.0;1852;2026;2;Q2/26;20262
STELLANTIS (conglomerado);0.0;268293;2026;2;Q2/26;20262
STONE IP (conglomerado);16.59;14984931;2026;2;Q2/26;20262
SUMUP IP (conglomerado);0.0;127;2026;2;Q2/26;20262
SUPERBID PAY IP (conglomerado);0.0;431034;2026;2;Q2/26;20262
SWAP IP (conglomerado);0.0;2750000;2026;2;Q2/26;20262
SWILE IP (conglomerado);0.0;1593;2026;2;Q2/26;20262
TODESCREDI S/A - CFI (conglomerado);0.0;47222;2026;2;Q2/26;20262
TRANSFEERA IP (conglomerado);0.0;2619;2026;2;Q2/26;20262
TRANSFERO IP (conglomerado);0.0;11;2026;2;Q2/26;20262
TRIO IP (conglomerado);0.0;232;2026;2;Q2/26;20262
TYCOON TECHNOLOGY IP (conglomerado);0.0;2222;2026;2;Q2/26;20262
UBS (BRASIL) (conglomerado);0.0;4717;2026;2;Q2/26;20262
V3 IP (conglomerado);0.0;42857;2026;2;Q2/26;20262
VALOR CFI (conglomerado);0.0;38889;2026;2;Q2/26;20262
VIA CERTA CFI (conglomerado);0.0;261194;2026;2;Q2/26;20262
VISA CONECTA IP (conglomerado);0.0;0;2026;2;Q2/26;20262
VOLKSWAGEN (conglomerado);196.23;613793;2026;2;Q2/26;20262
VOLVO (conglomerado);0.0;9146;2026;2;Q2/26;20262
VOTORANTIM (conglomerado);55.26;9410062;2026;2;Q2/26;20262
VOX IP (conglomerado);0.0;351064;2026;2;Q2/26;20262
VR (conglomerado);0.0;38298;2026;2;Q2/26;20262
WILL FINANCEIRA S.A. CRÉDITO, FINANCIAMENTO E INVESTIMENTO;102.73;13793103;2026;2;Q2/26;20262
WISE BRASIL CC (conglomerado);0.0;4458333;2026;2;Q2/26;20262
WOOVI IP (conglomerado);0.0;2794;2026;2;Q2/26;20262
XP (conglomerado);30.98;7350355;2026;2;Q2/26;20262
YAMAHA MOTOR (conglomerado);0.0;263158;2026;2;Q2/26;20262
Z1 INSTITUIÇÃO DE PAGAMENTO (conglomerado);0.0;8;2026;2;Q2/26;20262
ZEMA CFI (conglomerado);0.0;328448;2026;2;Q2/26;20262
ZERO IP (conglomerado);0.0;59091;2026;2;Q2/26;20262
