bank,qtd_noticias_recentes,indice_bcb,total_clientes,recl_procedentes,total_respondidas,principal_motivo,periodo,resumo_insight_ia
Itaú,204,46.87,98052200.0,426.0,28687.0,"Irregularidades relativas a integridade, confiabilidade, segurança, sigilo ou legitimidade das operações e serviços relacionados a cartões de crédito",2ºT/2026,"**Lançamento de Kit de Boas‑vindas e Promoções de Cartões**  
O Itaú divulgou o kit de boas‑vindas do cartão Personnalité The World Legend Mastercard, reforçando a estratégia de premiumização, e manteve a campanha do cartão Azul Itaú, oferecendo até 120 mil pontos de bônus e anuidade gratuita para atrair novos clientes e estimular o uso do portfólio de cartões de crédito.

**Expansão para Esporte e Entretenimento**  
Foi criada uma nova frente de negócios focada em captar oportunidades nos setores de esporte e entretenimento, visando explorar bilhões de reais em patrocínios, direitos de transmissão e experiências de marca, o que amplia a presença do banco em áreas de alto engajamento cultural e de consumo.

**Controvérsias Legais e Segurança**  
O Itaú enfrentou decisões judiciais desfavoráveis: condenação a indenizar um casal vítima de golpe do falso boleto em São Paulo, prisão de suspeito de tentativa de explosão em agência no Paraguai e aceleração de bloqueios de contas pelo Poder Judiciário, indicando desafios de compliance e percepção de risco entre os clientes."
Bradesco,137,84.9,110412514.0,495.0,46204.0,"Irregularidades relativas a integridade, confiabilidade, segurança, sigilo ou legitimidade das operações e serviços relacionados a cartões de crédito",2ºT/2026,"**Falha Operacional que Zerou Limites e Bloqueou Cartões**  
Uma interrupção nos sistemas de crédito do Bradesco provocou o bloqueio inesperado de cartões e a redução a zero dos limites de consumo de milhares de clientes, conforme relatos em múltiplas mídias entre 28/09 e 02/10/2024.

**Aumento de Reclamações e Pressão Regulatória**  
Os incidentes geraram um pico de queixas nos canais de atendimento e nas plataformas de defesa do consumidor, elevando o índice de reclamações para níveis críticos e atraindo a atenção da CVM e do Banco Central, que monitoram a qualidade dos serviços bancários.

**Resposta de Mitigação e Estratégia de Recuperação de Marca**  
O Bradesco ativou protocolos de contingência, abriu linhas diretas de suporte, prometeu reverter os limites em até 48 h e anunciou compensações financeiras; a comunicação proativa visa conter o desgaste reputacional e restaurar a confiança dos clientes."
Santander,80,34.19,72310206.0,177.0,24592.0,"Oferta ou prestação de informação sobre operação de crédito de forma inadequada, exceto crédito consignado",2ºT/2026,"**Parceria de Crédito Sustentável**  
Santander, junto a Bradesco, HSBC e Itaú, anunciou um consórcio de R$ 50 bilhões destinado a financiar projetos de inovação sustentável, reforçando seu posicionamento em ESG e ampliando a oferta de crédito verde no mercado brasileiro.

**Impasses nas Negociações Trabalhistas**  
O sindicato dos bancários da Bahia informou que as negociações salariais com o Santander foram travadas, e a proposta apresentada pela instituição foi considerada insuficiente, gerando impasse e risco de paralisações nas agências regionais.

**Escândalo de Fraude Interna**  
Uma funcionária do Santander foi presa sob suspeita de desviar cerca de R$ 2 milhões de contas de clientes idosos; simultaneamente, a Justiça determinou a retirada de um alerta de fraude de chave Pix e o pagamento de R$ 2 mil a um cliente lesado, evidenciando falhas de controle interno e impacto negativo na reputação."
Nubank,108,9.2,117259020.0,83.0,26330.0,Irregularidades relacionadas ao Sistema de Informações de Crédito do Banco Central (SCR) - instituição de pagamento,2ºT/2026,"**Descarte da aquisição do Monzo**  
Nubank confirmou que não avançará com a compra do banco britânico Monzo, eliminando incertezas no mercado e provocando alta de mais de 3% nas ações da empresa, sinalizando confiança dos investidores na estratégia independente da fintech.

**Parceria com Spotify: 3 meses grátis**  
A fintech lançou uma oferta promocional que concede a seus clientes três meses de assinatura Spotify Premium, reforçando o posicionamento de Nubank como um ecossistema de benefícios digitais e ampliando o engajamento da base de usuários.

**Expansão de equipe: 115 novas contratações**  
Nubank anunciou a abertura de 115 vagas em áreas diversas, refletindo a aceleração de projetos de tecnologia, atendimento e expansão internacional, e indicando um investimento robusto em capital humano para sustentar seu crescimento."
Caixa,202,23.32,160219441.0,153.0,23153.0,Insatisfação com o atendimento prestado pelo SAC ou Central de Relacionamento,2ºT/2026,"**Greve bancária e reabertura de agências** – Após semanas de paralisação nacional, a Caixa encerrou a greve no Rio Grande do Norte, reabrindo agências nesta quarta‑feira. Contudo, bancários em outros estados ainda rejeitam a proposta da instituição, mantendo a pressão por melhores condições de trabalho e salários.

**PLR, bônus e Super Caixa: confirmação e controvérsias** – A Caixa confirmou o pagamento da Participação nos Lucros e Resultados (PLR) de R$ 3 mil, além do programa “Super Caixa”, previsto para o dia 20. Sindicatos questionam a data e a transparência dos critérios, enviando ofícios ao banco e exigindo ajustes antes da liberação.

**Incidente de fraude e desafios de segurança** – Um aposentado relatou perda de R$ 7 mil após roubo de documentos e acesso indevido à sua conta na Caixa, evidenciando vulnerabilidades nos processos de verificação de identidade e reforçando a necessidade de melhorias na proteção contra fraudes."
C6,4,59.77,35193110.0,411.0,8091.0,Oferta ou prestação de informação sobre crédito consignado de forma inadequada,2ºT/2026,"**Campanha “Portabilidade em Dobro”**  
A iniciativa promove a transferência de contas de clientes de outros bancos, oferecendo a duplicação do valor transferido em investimentos ou renda fixa, reforçando a estratégia de aquisição de clientes e posicionando o C6 como facilitador de migração bancária.

**Conflito Trabalhista e Protestos Sindicais**  
Sindicato dos Bancários realizou duas manifestações exigindo o fim das demissões no C6 e a valorização dos colaboradores, indicando risco reputacional relacionado à gestão de recursos humanos e potencial aumento de pressão regulatória.

**Posicionamento sobre a Redução da Selic**  
O C6 Bank publicou análise sobre os próximos cortes da taxa Selic, demonstrando expertise macroeconômica e reforçando a imagem de instituição informada e orientada ao cliente em cenários de política monetária volátil."
BTG Pactual,66,41.98,27807332.0,234.0,8772.0,Insatisfação com o atendimento prestado pelo SAC ou Central de Relacionamento,2ºT/2026,"**Expansão da equipe de atendimento a alta renda**  
BTG Pactual abriu vagas para profissionais focados no suporte a assessores de clientes de alta renda, sinalizando um reforço na estrutura de relacionamento e busca por maior personalização no serviço, o que pode melhorar a percepção de qualidade e retenção desses clientes.

**Lançamento da carteira recomendada de criptomoedas**  
O banco divulgou uma seleção de 9 cripto‑ativos, marcando sua entrada oficial no mercado de investimentos digitais e ampliando o leque de produtos oferecidos, o que reforça a imagem de inovação, embora também exponha a marca a riscos regulatórios e de volatilidade.

**Investimento em infraestrutura esportiva – compra de participação no Beira‑Rio**  
Após a parceria com a arena do Palmeiras, o BTG Pactual adquiriu uma fatia do estádio Beira‑Rio, ampliando sua presença no setor de entretenimento esportivo e diversificando ativos não financeiros, estratégia que pode melhorar a reputação institucional ao associar a marca a grandes projetos de infraestrutura."
PicPay,3,35.66,70585296.0,419.0,10353.0,Concessão de crédito (exceto consignado) sem a formalização do título adequado,2ºT/2026,"**Bloqueio de compras na Steam**  
A plataforma de jogos Steam suspendeu temporariamente transações realizadas via PicPay ao confundir alguns títulos com apostas, gerando frustração entre usuários gamers e levantando dúvidas sobre a classificação de produtos no app.

**BTG reafirma investimento e projeta alta de 96%**  
O BTG Pactual manteve sua estratégia de aquisição de participação no PicPay, destacando sinergias de fintechs e apontando potencial de valorização de quase 100% nas ações, o que reforça a confiança institucional no modelo de negócios da empresa.

**Descontos indevidos surpreendem clientes**  
Na última sexta‑feira (19), usuários relataram descontos aplicados erroneamente em pagamentos via PicPay, provocando reclamações e exigindo ajustes operacionais para evitar impactos negativos na percepção de confiabilidade da marca."
Inter,18,26.15,44458414.0,137.0,7568.0,Insatisfação com o atendimento prestado pelo SAC ou Central de Relacionamento,2ºT/2026,"**Estratégia de Expansão e Metas Financeiras**  
O CEO João Vitor Menin tem reiterado a ambição de transformar o Inter no “banco das Américas”, adotando a “Rule of 50” e mantendo a meta de ROE de 30 % apesar do adiamento; a prioridade atual é reforçar a rentabilidade por meio de novos produtos de investimento e captação de recursos, sinalizando confiança ao mercado apesar da pressão de curto prazo.

**Risco de Crédito e Cenário Macroeconômico**  
Análises recentes apontam que a inadimplência deve subir no terceiro trimestre de 2026, impulsionada por fatores externos como o impasse entre EUA e Irã e a volatilidade cambial; esses elementos aumentam a exposição do Inter a perdas e exigem ajustes de provisões e políticas de crédito mais rigorosas.

**Iniciativas de Experiência do Cliente e Tecnologia**  
O banco tem investido em parcerias tecnológicas (ex.: integração com Snapdragon 855, Galaxy S10) e em eventos que combinam investimentos e esportes, além de lançar estratégias para incentivar o cliente a gastar menos e investir mais, reforçando a percepção de inovação e foco no cliente."
